session_id,point_no,latitude,longitude,accuracy_m,speed_kmh,heading_deg,direction,timestamp
1,1,14.0395567,100.6146817,2.3,0.00,0,N,2026-02-03T20:14:09.943056
1,2,14.0395383,100.6146167,2.3,2.48,79,E,2026-02-03T20:14:10.473509
1,3,14.0395367,100.6146117,2.3,0.98,71,E,2026-02-03T20:14:10.894001
1,4,14.0395367,100.6146083,2.3,0.60,78,E,2026-02-03T20:14:11.417192
1,5,14.0395283,100.6146033,2.3,0.12,0,N,2026-02-03T20:14:12.414757
1,6,14.0395233,100.614605,2.3,0.43,151,SE,2026-02-03T20:14:13.456477
1,7,14.0395217,100.6146,2.2,0.28,0,N,2026-02-03T20:14:14.456531
1,8,14.0395217,100.614595,2.2,0.33,0,N,2026-02-03T20:14:15.413265
1,9,14.0395217,100.6145933,2.2,0.34,0,N,2026-02-03T20:14:16.416793
1,10,14.0395217,100.6145867,2.2,0.39,299,NW,2026-02-03T20:14:17.442735
1,11,14.03952,100.6145817,2.2,0.86,319,NW,2026-02-03T20:14:18.442897
1,12,14.0395183,100.6145767,2.2,0.99,274,W,2026-02-03T20:14:19.444833
1,13,14.0395133,100.614575,2.1,0.62,179,S,2026-02-03T20:14:20.771537
1,14,14.03951,100.6145767,2.1,0.18,0,N,2026-02-03T20:14:21.755567
1,15,14.0395117,100.6145733,2.0,0.25,0,N,2026-02-03T20:14:22.765023
1,16,14.03951,100.614575,4.5,0.49,161,S,2026-02-03T20:14:23.761838
1,17,14.039505,100.6145767,4.5,1.74,200,S,2026-02-03T20:14:24.757609
1,18,14.039495,100.6145817,4.1,4.49,192,S,2026-02-03T20:14:25.767274
1,19,14.03948,100.6145817,4.1,5.43,197,S,2026-02-03T20:14:26.745206
1,20,14.0394617,100.614585,4.0,7.32,194,S,2026-02-03T20:14:27.759731
1,21,14.03944,100.6145833,1.8,7.99,200,S,2026-02-03T20:14:28.794015
1,22,14.03944,100.6145833,5.3,0.00,0,N,2026-02-03T20:14:29.761894
1,23,14.039415,100.614585,4.8,3.77,197,S,2026-02-03T20:14:29.779707
1,24,14.0393867,100.614585,4.8,4.76,191,S,2026-02-03T20:14:30.821722
1,25,14.0393567,100.6145917,4.8,5.71,183,S,2026-02-03T20:14:31.779072
1,26,14.03933,100.6146017,4.8,6.63,188,S,2026-02-03T20:14:32.776150
1,27,14.0393083,100.614605,4.8,7.47,197,S,2026-02-03T20:14:33.807517
1,28,14.0392883,100.6146067,1.9,8.11,198,S,2026-02-03T20:14:34.783093
1,29,14.0392717,100.6146067,1.9,8.33,197,S,2026-02-03T20:14:35.761305
1,30,14.039255,100.6146083,1.9,8.39,206,SW,2026-02-03T20:14:36.765831
1,31,14.0392417,100.6146,1.9,8.19,222,SW,2026-02-03T20:14:37.777009
1,32,14.0392333,100.61459,1.9,7.89,224,SW,2026-02-03T20:14:38.765328
1,33,14.0392233,100.61458,1.9,7.59,245,SW,2026-02-03T20:14:39.751869
1,34,14.0392183,100.6145683,1.9,7.03,240,SW,2026-02-03T20:14:40.747212
1,35,14.0392133,100.6145483,1.8,6.52,256,W,2026-02-03T20:14:41.755074
1,36,14.0392133,100.61452,1.8,6.34,268,W,2026-02-03T20:14:42.775719
1,37,14.0392117,100.6144917,1.8,6.26,267,W,2026-02-03T20:14:43.824545
1,38,14.0392083,100.614455,1.8,6.44,267,W,2026-02-03T20:14:44.759131
1,39,14.0391983,100.614415,1.8,6.92,264,W,2026-02-03T20:14:45.794432
1,40,14.03919,100.6143733,1.9,7.41,262,W,2026-02-03T20:14:46.777225
1,41,14.0391833,100.6143417,1.9,7.86,265,W,2026-02-03T20:14:47.757262
1,42,14.03918,100.6143017,1.9,8.66,266,W,2026-02-03T20:14:48.811878
1,43,14.0391767,100.6142683,2.0,9.36,264,W,2026-02-03T20:14:49.747233
1,44,14.0391717,100.6142317,2.0,10.07,265,W,2026-02-03T20:14:50.753427
1,45,14.0391683,100.6141967,2.0,10.73,265,W,2026-02-03T20:14:51.766084
1,46,14.03917,100.6141633,2.0,11.04,272,W,2026-02-03T20:14:52.805214
1,47,14.0391717,100.6141367,2.0,11.16,272,W,2026-02-03T20:14:53.764439
1,48,14.03917,100.6141083,2.0,11.19,266,W,2026-02-03T20:14:54.808497
1,49,14.0391683,100.6140783,2.0,11.11,264,W,2026-02-03T20:14:55.778923
1,50,14.0391617,100.6140483,2.0,11.04,254,W,2026-02-03T20:14:56.770455
1,51,14.0391583,100.6140233,2.0,10.92,269,W,2026-02-03T20:14:57.763656
1,52,14.0391517,100.614,2.0,10.51,264,W,2026-02-03T20:14:58.808345
1,53,14.0391633,100.6139617,2.0,10.10,269,W,2026-02-03T20:14:59.771526
1,54,14.0391617,100.61393,2.0,9.80,264,W,2026-02-03T20:15:00.786409
1,55,14.0391633,100.613895,2.0,9.79,264,W,2026-02-03T20:15:01.811278
1,56,14.0391667,100.6138583,2.0,9.99,268,W,2026-02-03T20:15:02.740038
1,57,14.0391717,100.61382,2.0,10.33,271,W,2026-02-03T20:15:03.778886
1,58,14.039175,100.613785,1.9,10.58,272,W,2026-02-03T20:15:04.842855
1,59,14.0391767,100.6137433,1.9,10.81,273,W,2026-02-03T20:15:05.756448
1,60,14.0391767,100.6137033,1.9,10.97,271,W,2026-02-03T20:15:06.786315
1,61,14.039175,100.6136633,1.9,11.28,270,W,2026-02-03T20:15:07.764583
1,62,14.0391717,100.613625,1.9,11.78,260,W,2026-02-03T20:15:08.765466
1,63,14.039165,100.6135867,1.9,12.21,257,W,2026-02-03T20:15:09.790123
1,64,14.0391683,100.6135517,2.0,12.49,259,W,2026-02-03T20:15:10.805603
1,65,14.0391733,100.6135233,2.0,12.60,257,W,2026-02-03T20:15:11.778211
1,66,14.039175,100.6134967,2.0,12.35,261,W,2026-02-03T20:15:12.787232
1,67,14.03918,100.613475,2.0,11.89,268,W,2026-02-03T20:15:13.786435
1,68,14.0391783,100.6134633,2.1,11.24,260,W,2026-02-03T20:15:14.741719
1,69,14.03918,100.613455,2.1,10.29,259,W,2026-02-03T20:15:15.766307
1,70,14.039185,100.6134533,2.1,9.19,287,W,2026-02-03T20:15:16.777140
2,1,14.0391349,100.6133265,12.9,0.00,0,N,2026-02-03T20:15:25.972653
2,2,14.03916,100.61339,7.8,0.00,0,N,2026-02-03T20:15:27.659511
2,3,14.0391883,100.61345,6.3,0.00,0,N,2026-02-03T20:15:28.137831
2,4,14.0391883,100.613445,5.6,0.00,0,N,2026-02-03T20:15:28.680507
2,5,14.03919,100.613435,5.1,2.78,298,NW,2026-02-03T20:15:29.157616
2,6,14.0391983,100.613405,4.9,3.97,279,W,2026-02-03T20:15:30.179335
2,7,14.039185,100.6133467,3.2,5.34,272,W,2026-02-03T20:15:31.123440
2,8,14.0391817,100.6133117,3.1,5.70,270,W,2026-02-03T20:15:32.180180
2,9,14.0391767,100.6132883,3.1,6.60,272,W,2026-02-03T20:15:33.171999
2,10,14.0391783,100.6132633,2.9,7.26,259,W,2026-02-03T20:15:34.130755
2,11,14.0391817,100.613245,2.7,6.52,266,W,2026-02-03T20:15:35.201980
2,12,14.039175,100.6132333,2.5,7.48,265,W,2026-02-03T20:15:36.153374
2,13,14.0391833,100.6132217,2.3,7.89,276,W,2026-02-03T20:15:37.172020
2,14,14.0391917,100.6132033,2.2,8.60,261,W,2026-02-03T20:15:38.148672
2,15,14.039205,100.6131967,2.2,9.73,261,W,2026-02-03T20:15:39.148523
2,16,14.0392217,100.613155,2.1,10.86,281,W,2026-02-03T20:15:40.770097
2,17,14.039235,100.6131283,2.1,10.19,275,W,2026-02-03T20:15:41.795767
2,18,14.0392333,100.6130883,2.1,12.24,271,W,2026-02-03T20:15:42.765712
2,19,14.0392333,100.6130583,2.1,11.65,265,W,2026-02-03T20:15:43.785582
2,20,14.0392217,100.61302,2.1,13.32,267,W,2026-02-03T20:15:44.770942
2,21,14.0392183,100.6129883,2.0,13.06,273,W,2026-02-03T20:15:45.771937
2,22,14.0392233,100.6129567,2.0,13.23,282,W,2026-02-03T20:15:46.783132
2,23,14.0392267,100.6129217,2.0,13.01,273,W,2026-02-03T20:15:47.823509
2,24,14.0392217,100.6128867,2.1,12.02,266,W,2026-02-03T20:15:48.787371
2,25,14.0392167,100.6128533,2.1,12.32,269,W,2026-02-03T20:15:49.736323
2,26,14.0392117,100.6128267,2.2,12.33,276,W,2026-02-03T20:15:50.744729
2,27,14.0392117,100.6128267,5.4,0.00,0,N,2026-02-03T20:15:51.297975
2,28,14.039205,100.6128067,5.0,12.07,266,W,2026-02-03T20:15:51.776914
2,29,14.0391933,100.61278,5.1,11.69,266,W,2026-02-03T20:15:52.767713
2,30,14.0391733,100.6127483,5.1,11.42,265,W,2026-02-03T20:15:53.779918
2,31,14.0391633,100.6127217,5.0,11.06,262,W,2026-02-03T20:15:54.780504
2,32,14.0391633,100.6126933,5.0,10.72,262,W,2026-02-03T20:15:55.760459
2,33,14.0391633,100.612665,2.1,10.53,269,W,2026-02-03T20:15:56.768725
2,34,14.03917,100.61264,2.0,10.25,274,W,2026-02-03T20:15:57.820653
2,35,14.039175,100.6126167,1.9,10.08,270,W,2026-02-03T20:15:58.753319
2,36,14.03917,100.6125967,1.8,9.82,269,W,2026-02-03T20:15:59.788896
2,37,14.0391633,100.6125733,1.8,9.91,266,W,2026-02-03T20:16:00.783556
2,38,14.0391617,100.6125467,1.8,10.46,264,W,2026-02-03T20:16:01.793047
2,39,14.0391617,100.6125133,1.9,10.88,267,W,2026-02-03T20:16:02.803961
2,40,14.0391617,100.61248,1.9,11.26,266,W,2026-02-03T20:16:03.751495
2,41,14.0391617,100.612445,2.0,11.54,264,W,2026-02-03T20:16:04.797845
2,42,14.0391567,100.6124117,2.1,11.96,267,W,2026-02-03T20:16:05.787216
2,43,14.039155,100.6123733,2.2,12.26,267,W,2026-02-03T20:16:06.775241
2,44,14.0391517,100.6123433,2.2,12.51,271,W,2026-02-03T20:16:07.767926
2,45,14.0391533,100.6123167,2.1,12.52,275,W,2026-02-03T20:16:08.738981
2,46,14.0391517,100.6122817,2.1,12.78,268,W,2026-02-03T20:16:09.792591
2,47,14.0391667,100.61224,2.0,12.84,268,W,2026-02-03T20:16:10.811081
2,48,14.0391667,100.61224,5.4,0.00,0,N,2026-02-03T20:16:11.472404
2,49,14.03917,100.6122067,5.0,12.76,274,W,2026-02-03T20:16:11.849701
2,50,14.0391733,100.6121767,5.0,12.44,275,W,2026-02-03T20:16:12.786030
2,51,14.03918,100.6121467,5.0,11.79,271,W,2026-02-03T20:16:13.808178
2,52,14.03918,100.6121283,4.9,10.79,294,NW,2026-02-03T20:16:14.772910
2,53,14.039175,100.6121167,4.9,9.52,289,W,2026-02-03T20:16:15.770117
3,1,14.039175,100.6121167,2.3,0.01,0,N,2026-02-03T20:16:18.343226
3,2,14.0391717,100.612115,2.7,0.22,0,N,2026-02-03T20:16:18.831316
3,3,14.0391733,100.6121083,3.2,0.89,253,W,2026-02-03T20:16:19.762477
3,4,14.0391783,100.61209,3.2,2.17,275,W,2026-02-03T20:16:20.252583
3,5,14.0392033,100.6120417,3.3,4.10,270,W,2026-02-03T20:16:20.778476
3,6,14.039215,100.612025,3.1,5.32,277,W,2026-02-03T20:16:21.253879
3,7,14.0392217,100.6120133,2.9,6.03,271,W,2026-02-03T20:16:21.804640
3,8,14.0392217,100.6119967,2.8,7.52,266,W,2026-02-03T20:16:22.785135
3,9,14.0392217,100.6119733,2.5,8.54,272,W,2026-02-03T20:16:23.802332
3,10,14.0392217,100.6119467,2.3,8.85,268,W,2026-02-03T20:16:24.745856
3,11,14.039215,100.6119233,1.9,6.85,268,W,2026-02-03T20:16:25.743500
3,12,14.0392067,100.6119033,1.8,7.08,255,W,2026-02-03T20:16:26.745
3,13,14.0392117,100.6118783,1.8,7.96,287,W,2026-02-03T20:16:27.771087
3,14,14.039215,100.6118567,1.7,8.66,301,NW,2026-02-03T20:16:28.807516
3,15,14.0392333,100.61183,1.7,10.25,300,NW,2026-02-03T20:16:29.742872
3,16,14.0392483,100.6118117,1.7,9.43,301,NW,2026-02-03T20:16:30.765316
3,17,14.0392617,100.6118,1.7,6.79,333,NW,2026-02-03T20:16:31.762454
3,18,14.0392867,100.6117983,1.7,9.22,348,N,2026-02-03T20:16:32.757981
3,19,14.039315,100.6117983,1.7,10.91,355,N,2026-02-03T20:16:33.755327
3,20,14.0393467,100.6117983,1.6,11.69,350,N,2026-02-03T20:16:34.756572
3,21,14.0393817,100.6118,1.7,12.57,355,N,2026-02-03T20:16:35.812825
3,22,14.039415,100.6118,1.7,13.64,352,N,2026-02-03T20:16:36.762991
3,23,14.0394483,100.6117967,1.7,13.78,355,N,2026-02-03T20:16:37.821844
3,24,14.039485,100.6117967,1.8,11.36,359,N,2026-02-03T20:16:38.769446
3,25,14.039525,100.6117983,1.9,11.85,1,N,2026-02-03T20:16:39.803548
3,26,14.0395633,100.6118,2.0,12.43,1,N,2026-02-03T20:16:40.765061
3,27,14.039605,100.6118033,2.1,13.29,1,N,2026-02-03T20:16:41.798090
3,28,14.0396433,100.6118083,2.2,13.88,359,N,2026-02-03T20:16:42.811009
3,29,14.03968,100.6118083,2.3,14.17,359,N,2026-02-03T20:16:43.815715
3,30,14.039715,100.6118083,2.3,14.31,0,N,2026-02-03T20:16:44.822416
3,31,14.039745,100.6118067,2.3,14.13,1,N,2026-02-03T20:16:45.811095
3,32,14.03977,100.6118067,2.3,13.67,354,N,2026-02-03T20:16:46.747559
3,33,14.03979,100.6118133,2.2,13.09,358,N,2026-02-03T20:16:47.730508
3,34,14.0398033,100.611815,2.2,12.31,1,N,2026-02-03T20:16:48.820607
3,35,14.03982,100.6118233,2.0,11.42,7,N,2026-02-03T20:16:49.820366
3,36,14.0398367,100.6118267,1.9,10.63,9,N,2026-02-03T20:16:50.812212
3,37,14.0398533,100.6118267,1.8,9.76,356,N,2026-02-03T20:16:51.811073
3,38,14.0398683,100.611825,1.7,8.98,350,N,2026-02-03T20:16:52.796174
3,39,14.03988,100.6118167,1.6,8.28,334,NW,2026-02-03T20:16:53.827986
3,40,14.03989,100.6117983,1.6,7.61,320,NW,2026-02-03T20:16:54.811007
3,41,14.0398983,100.6117783,1.6,7.28,303,NW,2026-02-03T20:16:55.804292
3,42,14.03991,100.61175,1.6,7.22,288,W,2026-02-03T20:16:56.802264
3,43,14.0399183,100.6117233,1.6,7.29,286,W,2026-02-03T20:16:57.805899
3,44,14.0399233,100.6117,1.7,7.36,293,NW,2026-02-03T20:16:58.769946
3,45,14.0399267,100.6116717,1.7,7.61,279,W,2026-02-03T20:16:59.766269
3,46,14.0399233,100.6116417,1.7,7.80,270,W,2026-02-03T20:17:00.747360
3,47,14.039925,100.61161,1.8,8.22,265,W,2026-02-03T20:17:01.722713
3,48,14.039925,100.61158,1.8,8.52,273,W,2026-02-03T20:17:02.799941
3,49,14.0399217,100.6115467,1.8,9.04,270,W,2026-02-03T20:17:03.802737
3,50,14.0399133,100.61151,1.8,9.82,268,W,2026-02-03T20:17:04.825918
3,51,14.0399117,100.6114717,1.8,10.58,269,W,2026-02-03T20:17:05.819131
3,52,14.0399117,100.6114283,1.9,11.28,271,W,2026-02-03T20:17:06.816360
3,53,14.039915,100.611385,2.0,12.02,269,W,2026-02-03T20:17:07.810836
3,54,14.0399133,100.611345,2.1,12.83,274,W,2026-02-03T20:17:08.748793
3,55,14.039915,100.6113017,2.2,13.50,268,W,2026-02-03T20:17:09.828738
3,56,14.0399133,100.61126,2.3,14.12,268,W,2026-02-03T20:17:10.797951
3,57,14.0399117,100.6112217,2.3,14.46,267,W,2026-02-03T20:17:11.752621
3,58,14.0399117,100.6111883,2.4,14.55,269,W,2026-02-03T20:17:12.775098
3,59,14.03991,100.61116,2.4,14.38,266,W,2026-02-03T20:17:13.798190
3,60,14.03991,100.6111383,2.4,13.79,269,W,2026-02-03T20:17:14.811414
3,61,14.0399083,100.6111167,2.3,13.21,267,W,2026-02-03T20:17:15.805081
3,62,14.039905,100.6110883,2.2,12.61,264,W,2026-02-03T20:17:16.798384
3,63,14.0399067,100.6110617,2.1,12.05,268,W,2026-02-03T20:17:17.814367
3,64,14.03991,100.61103,2.0,11.53,271,W,2026-02-03T20:17:18.810103
3,65,14.0399133,100.6109967,1.9,11.23,269,W,2026-02-03T20:17:19.766155
3,66,14.039915,100.6109633,1.8,11.03,270,W,2026-02-03T20:17:20.757517
3,67,14.039915,100.6109317,1.9,10.92,269,W,2026-02-03T20:17:21.780209
3,68,14.0399167,100.6108967,1.9,11.05,267,W,2026-02-03T20:17:22.754764
3,69,14.0399117,100.6108667,1.9,11.19,266,W,2026-02-03T20:17:23.770895
3,70,14.0399083,100.6108233,1.9,11.71,268,W,2026-02-03T20:17:24.774717
3,71,14.039905,100.6107817,1.9,12.36,266,W,2026-02-03T20:17:25.817735
3,72,14.0399,100.61074,1.9,12.97,268,W,2026-02-03T20:17:26.743616
3,73,14.0399017,100.6106983,1.9,13.52,262,W,2026-02-03T20:17:27.721035
3,74,14.039895,100.6106517,1.9,14.17,261,W,2026-02-03T20:17:28.720792
3,75,14.0398933,100.6106033,1.9,14.79,260,W,2026-02-03T20:17:29.788856
3,76,14.0398883,100.610555,3.5,15.55,261,W,2026-02-03T20:17:30.757180
3,77,14.0398883,100.6105117,3.5,16.06,260,W,2026-02-03T20:17:31.759029
3,78,14.0398867,100.6104783,3.5,16.45,256,W,2026-02-03T20:17:32.753377
3,79,14.03988,100.6104433,3.5,16.65,261,W,2026-02-03T20:17:33.742740
3,80,14.0398783,100.61041,3.5,16.64,260,W,2026-02-03T20:17:34.731361
3,81,14.0398733,100.610375,2.0,16.32,262,W,2026-02-03T20:17:35.761439
3,82,14.039875,100.6103433,2.0,15.97,264,W,2026-02-03T20:17:36.829078
3,83,14.03988,100.61031,2.0,15.62,268,W,2026-02-03T20:17:37.764582
3,84,14.0398817,100.6102833,1.9,14.99,264,W,2026-02-03T20:17:38.827003
3,85,14.0398867,100.61026,1.9,13.94,266,W,2026-02-03T20:17:39.807585
3,86,14.039885,100.6102433,1.9,12.41,273,W,2026-02-03T20:17:40.745144
3,87,14.0398817,100.610235,1.9,10.76,222,SW,2026-02-03T20:17:41.753315
3,88,14.0398733,100.61024,1.8,9.19,209,SW,2026-02-03T20:17:42.755560
4,1,14.0398733,100.61024,2.0,0.18,0,N,2026-02-03T20:17:47.059109
4,2,14.039875,100.61024,2.1,0.77,269,W,2026-02-03T20:17:47.517006
4,3,14.0398917,100.61023,2.3,2.26,299,NW,2026-02-03T20:17:48.351225
4,4,14.0398983,100.61022,2.2,3.76,293,NW,2026-02-03T20:17:48.834558
4,5,14.0399067,100.6102133,2.2,4.58,302,NW,2026-02-03T20:17:49.299764
4,6,14.0399083,100.610205,2.1,4.93,294,NW,2026-02-03T20:17:49.716222
4,7,14.03991,100.610195,2.1,5.32,287,W,2026-02-03T20:17:50.256288
4,8,14.0399233,100.6101633,2.1,7.10,281,W,2026-02-03T20:17:51.773446
4,9,14.03993,100.6101367,2.0,6.71,285,W,2026-02-03T20:17:52.814273
4,10,14.0399283,100.6101133,1.9,5.99,275,W,2026-02-03T20:17:53.757848
4,11,14.0399317,100.6100983,1.9,5.48,279,W,2026-02-03T20:17:54.770029
4,12,14.0399333,100.61008,1.9,7.55,277,W,2026-02-03T20:17:55.740799
4,13,14.03993,100.6100567,1.9,8.09,273,W,2026-02-03T20:17:56.739018
4,14,14.0399333,100.6100333,1.8,8.62,276,W,2026-02-03T20:17:57.728941
4,15,14.039935,100.610005,1.8,6.67,275,W,2026-02-03T20:17:58.742986
4,16,14.039935,100.6099833,1.8,6.93,275,W,2026-02-03T20:17:59.741033
4,17,14.039935,100.6099567,1.8,8.43,267,W,2026-02-03T20:18:00.728624
4,18,14.03993,100.6099267,1.9,9.62,267,W,2026-02-03T20:18:01.740307
4,19,14.0399317,100.6098983,1.9,9.77,270,W,2026-02-03T20:18:02.725335
4,20,14.0399333,100.6098667,1.8,11.54,271,W,2026-02-03T20:18:03.762519
4,21,14.0399317,100.60983,1.8,11.72,275,W,2026-02-03T20:18:04.763389
4,22,14.0399317,100.6098017,1.9,9.89,279,W,2026-02-03T20:18:05.783173
4,23,14.039925,100.6097633,1.9,9.42,277,W,2026-02-03T20:18:06.785637
4,24,14.0399233,100.6097233,1.9,9.72,271,W,2026-02-03T20:18:07.756288
4,25,14.03992,100.6096833,1.9,10.55,269,W,2026-02-03T20:18:08.807909
4,26,14.0399183,100.609645,1.9,11.46,269,W,2026-02-03T20:18:09.785228
4,27,14.0399167,100.6096067,1.9,12.25,269,W,2026-02-03T20:18:10.772458
4,28,14.0399117,100.6095617,1.9,12.80,271,W,2026-02-03T20:18:11.757336
4,29,14.0399083,100.6095167,1.9,13.61,271,W,2026-02-03T20:18:12.759396
4,30,14.0398983,100.60947,1.9,14.19,267,W,2026-02-03T20:18:13.781249
4,31,14.0398917,100.6094233,1.9,14.76,263,W,2026-02-03T20:18:14.786343
4,32,14.0398817,100.6093733,1.9,15.50,262,W,2026-02-03T20:18:15.746384
4,33,14.039875,100.6093317,1.9,16.07,266,W,2026-02-03T20:18:16.781641
4,34,14.0398683,100.6092917,1.9,16.55,268,W,2026-02-03T20:18:17.797520
4,35,14.0398533,100.609245,2.0,16.78,259,W,2026-02-03T20:18:18.787523
4,36,14.03983,100.6091967,2.0,16.95,248,W,2026-02-03T20:18:19.793372
4,37,14.0398133,100.6091483,2.0,17.18,245,SW,2026-02-03T20:18:20.788149
4,38,14.039795,100.6091033,2.0,17.48,242,SW,2026-02-03T20:18:21.777301
4,39,14.0397783,100.6090667,2.0,17.27,244,SW,2026-02-03T20:18:22.772434
4,40,14.0397567,100.60903,2.0,17.23,240,SW,2026-02-03T20:18:23.753769
4,41,14.0397367,100.6089917,1.9,17.11,233,SW,2026-02-03T20:18:24.753170
4,42,14.03971,100.6089567,1.9,16.88,228,SW,2026-02-03T20:18:25.791968
4,43,14.0396833,100.6089233,1.9,16.59,225,SW,2026-02-03T20:18:26.789636
4,44,14.03966,100.6088967,1.9,16.12,224,SW,2026-02-03T20:18:27.743209
4,45,14.0396417,100.6088767,1.9,15.30,215,SW,2026-02-03T20:18:28.746521
4,46,14.0396233,100.60886,1.9,14.46,214,SW,2026-02-03T20:18:29.737736
4,47,14.0396033,100.6088417,1.9,13.50,215,SW,2026-02-03T20:18:30.748904
4,48,14.03959,100.60882,1.8,12.50,219,SW,2026-02-03T20:18:31.761122
4,49,14.039575,100.608795,1.8,11.85,223,SW,2026-02-03T20:18:32.772459
4,50,14.03956,100.6087733,1.8,11.07,229,SW,2026-02-03T20:18:33.760804
4,51,14.03954,100.6087517,1.8,10.33,230,SW,2026-02-03T20:18:34.745073
4,52,14.0395167,100.608735,1.8,9.72,220,SW,2026-02-03T20:18:35.743824
4,53,14.0394983,100.6087283,1.8,9.08,214,SW,2026-02-03T20:18:36.741380
4,54,14.0394833,100.6087217,1.8,8.55,213,SW,2026-02-03T20:18:37.754110
4,55,14.039465,100.6087133,1.8,8.33,215,SW,2026-02-03T20:18:38.758504
4,56,14.0394483,100.6087,1.8,8.02,209,SW,2026-02-03T20:18:39.761124
4,57,14.0394283,100.6086833,1.8,7.79,211,SW,2026-02-03T20:18:40.812057
4,58,14.0394083,100.6086667,1.8,7.74,210,SW,2026-02-03T20:18:41.747056
4,59,14.0393867,100.60865,1.8,7.63,214,SW,2026-02-03T20:18:42.726702
4,60,14.039365,100.6086367,1.8,7.53,219,SW,2026-02-03T20:18:43.725339
4,61,14.0393417,100.6086233,1.8,7.60,206,SW,2026-02-03T20:18:44.746395
4,62,14.0393183,100.6086133,1.8,7.60,204,SW,2026-02-03T20:18:45.764001
4,63,14.0392917,100.6086,1.8,7.88,202,S,2026-02-03T20:18:46.757902
4,64,14.0392617,100.608585,1.9,8.40,201,S,2026-02-03T20:18:47.768223
4,65,14.039235,100.6085733,1.9,8.84,202,S,2026-02-03T20:18:48.754171
4,66,14.0392033,100.60855,1.9,9.37,213,SW,2026-02-03T20:18:49.755017
4,67,14.039175,100.6085283,1.9,9.73,208,SW,2026-02-03T20:18:50.759452
4,68,14.039155,100.6085083,1.9,9.94,202,S,2026-02-03T20:18:51.750327
4,69,14.0391383,100.6084883,1.9,9.96,220,SW,2026-02-03T20:18:52.761318
4,70,14.0391317,100.6084617,1.9,9.78,218,SW,2026-02-03T20:18:53.790147
4,71,14.0391183,100.6084417,1.9,9.39,212,SW,2026-02-03T20:18:54.772126
4,72,14.0391017,100.6084183,1.8,9.05,215,SW,2026-02-03T20:18:55.787815
4,73,14.0390883,100.608405,1.8,8.41,227,SW,2026-02-03T20:18:56.767853
4,74,14.0390817,100.6083967,1.8,7.40,268,W,2026-02-03T20:18:57.767749
5,1,14.0390817,100.6083967,1.9,0.04,0,N,2026-02-03T20:19:02.194031
5,2,14.03908,100.6083983,2.0,0.09,0,N,2026-02-03T20:19:02.663689
5,3,14.03907,100.6083983,2.1,0.57,175,S,2026-02-03T20:19:03.257922
5,4,14.03906,100.60839,2.1,1.31,166,S,2026-02-03T20:19:03.815895
5,5,14.0390517,100.6083833,2.1,2.81,179,S,2026-02-03T20:19:04.324220
5,6,14.039045,100.60838,2.0,2.13,199,S,2026-02-03T20:19:04.739337
5,7,14.0390383,100.6083767,2.0,2.66,212,SW,2026-02-03T20:19:05.246201
5,8,14.0390267,100.6083633,1.9,3.97,238,SW,2026-02-03T20:19:06.792387
5,9,14.039015,100.6083567,1.8,3.31,235,SW,2026-02-03T20:19:07.726379
5,10,14.0390067,100.608345,1.8,5.34,243,SW,2026-02-03T20:19:08.721626
5,11,14.0389983,100.6083283,1.8,7.45,240,SW,2026-02-03T20:19:09.771341
5,12,14.0389917,100.6083133,1.8,6.95,248,W,2026-02-03T20:19:10.783858
5,13,14.038985,100.608285,2.4,12.32,247,SW,2026-02-03T20:19:11.763376
5,14,14.03898,100.6082583,2.4,11.18,244,SW,2026-02-03T20:19:12.821003
5,15,14.0389667,100.6082317,2.4,12.15,249,W,2026-02-03T20:19:13.770787
5,16,14.0389517,100.6082,2.5,12.64,251,W,2026-02-03T20:19:14.749119
5,17,14.0389433,100.6081667,2.5,12.77,259,W,2026-02-03T20:19:15.742378
5,18,14.0389317,100.6081317,2.1,13.29,252,W,2026-02-03T20:19:16.768359
5,19,14.0389183,100.6080967,2.2,14.31,253,W,2026-02-03T20:19:17.752116
5,20,14.038905,100.6080483,2.2,15.10,258,W,2026-02-03T20:19:18.746709
5,21,14.0388967,100.6080083,2.2,14.83,257,W,2026-02-03T20:19:19.732560
5,22,14.0388867,100.6079683,2.2,15.30,259,W,2026-02-03T20:19:20.784302
5,23,14.03888,100.6079217,2.1,13.75,262,W,2026-02-03T20:19:21.743606
5,24,14.0388767,100.607875,2.0,14.32,263,W,2026-02-03T20:19:22.767949
5,25,14.0388717,100.60783,2.0,14.91,266,W,2026-02-03T20:19:23.768476
5,26,14.03886,100.607785,2.0,15.38,263,W,2026-02-03T20:19:24.763402
5,27,14.0388567,100.60774,2.0,15.81,267,W,2026-02-03T20:19:25.782463
5,28,14.0388483,100.6076883,2.0,16.28,270,W,2026-02-03T20:19:26.774764
5,29,14.038845,100.6076417,2.1,16.60,268,W,2026-02-03T20:19:27.771550
5,30,14.0388417,100.607595,2.1,16.87,266,W,2026-02-03T20:19:28.737086
5,31,14.03884,100.6075517,2.8,16.85,270,W,2026-02-03T20:19:29.752204
5,32,14.03884,100.60751,2.9,16.71,265,W,2026-02-03T20:19:30.764127
5,33,14.0388367,100.60748,2.9,16.27,271,W,2026-02-03T20:19:31.769860
5,34,14.0388417,100.6074467,3.0,15.81,270,W,2026-02-03T20:19:32.740861
5,35,14.038845,100.6074167,3.0,14.92,269,W,2026-02-03T20:19:33.765366
5,36,14.0388483,100.60739,2.4,14.06,276,W,2026-02-03T20:19:34.785974
5,37,14.0388517,100.607365,2.3,13.36,269,W,2026-02-03T20:19:35.761612
5,38,14.0388483,100.6073333,2.2,12.73,271,W,2026-02-03T20:19:36.758289
5,39,14.038845,100.6072983,2.0,12.29,273,W,2026-02-03T20:19:37.773513
5,40,14.0388467,100.6072633,2.0,11.93,269,W,2026-02-03T20:19:38.765808
5,41,14.038845,100.6072183,1.9,11.94,271,W,2026-02-03T20:19:39.770042
5,42,14.0388467,100.6071767,1.8,12.16,269,W,2026-02-03T20:19:40.748410
5,43,14.0388433,100.607135,1.7,12.64,270,W,2026-02-03T20:19:41.785381
5,44,14.0388417,100.60709,1.7,13.32,265,W,2026-02-03T20:19:42.750962
5,45,14.0388333,100.6070483,1.8,14.31,265,W,2026-02-03T20:19:43.753288
5,46,14.03883,100.607005,1.7,15.18,265,W,2026-02-03T20:19:44.768962
5,47,14.0388283,100.6069617,1.8,15.79,266,W,2026-02-03T20:19:45.790268
5,48,14.0388283,100.606925,1.8,15.96,267,W,2026-02-03T20:19:46.773541
5,49,14.0388233,100.606885,1.8,16.03,268,W,2026-02-03T20:19:47.753428
5,50,14.03882,100.606845,1.8,16.20,269,W,2026-02-03T20:19:48.780673
5,51,14.0388167,100.6068,2.6,16.21,269,W,2026-02-03T20:19:49.757803
5,52,14.0388167,100.6067517,2.6,16.29,266,W,2026-02-03T20:19:50.755392
5,53,14.03882,100.6067017,2.6,16.30,268,W,2026-02-03T20:19:51.760736
5,54,14.0388183,100.606655,2.6,16.05,265,W,2026-02-03T20:19:52.767318
5,55,14.038815,100.6066233,2.6,15.29,271,W,2026-02-03T20:19:53.773016
5,56,14.0388167,100.606595,1.8,14.61,274,W,2026-02-03T20:19:54.832223
5,57,14.0388183,100.6065733,1.8,13.85,274,W,2026-02-03T20:19:55.767711
5,58,14.0388167,100.60655,1.8,13.42,283,W,2026-02-03T20:19:56.771961
5,59,14.0388167,100.606525,1.8,13.05,273,W,2026-02-03T20:19:57.765927
5,60,14.038815,100.6065,1.8,12.57,274,W,2026-02-03T20:19:58.818281
5,61,14.0388133,100.6064683,1.8,12.03,266,W,2026-02-03T20:19:59.783986
5,62,14.0388117,100.6064367,1.8,11.40,264,W,2026-02-03T20:20:00.772599
5,63,14.0388117,100.606405,1.8,10.81,264,W,2026-02-03T20:20:01.732361
5,64,14.0388133,100.60637,1.7,10.44,270,W,2026-02-03T20:20:02.737496
5,65,14.0388133,100.6063317,1.8,10.42,277,W,2026-02-03T20:20:03.818561
5,66,14.0388183,100.6063033,1.8,10.32,282,W,2026-02-03T20:20:04.767593
5,67,14.0388217,100.6062633,1.9,10.90,277,W,2026-02-03T20:20:05.775035
5,68,14.0388283,100.606215,1.9,11.48,273,W,2026-02-03T20:20:06.758791
5,69,14.0388317,100.6061733,1.9,12.01,271,W,2026-02-03T20:20:07.767537
5,70,14.0388317,100.60613,2.0,12.50,268,W,2026-02-03T20:20:08.770357
5,71,14.038835,100.6060833,2.1,13.20,268,W,2026-02-03T20:20:09.769704
5,72,14.038835,100.6060367,2.2,13.72,268,W,2026-02-03T20:20:10.765636
5,73,14.0388367,100.6059967,2.2,14.08,269,W,2026-02-03T20:20:11.784995
5,74,14.0388383,100.6059583,2.3,14.10,266,W,2026-02-03T20:20:12.755058
5,75,14.0388367,100.6059167,2.3,14.21,258,W,2026-02-03T20:20:13.758023
5,76,14.0388383,100.60588,2.2,14.49,265,W,2026-02-03T20:20:14.739482
5,77,14.0388383,100.6058467,2.2,14.34,269,W,2026-02-03T20:20:15.768692
5,78,14.0388483,100.6058033,2.1,14.05,275,W,2026-02-03T20:20:16.766280
5,79,14.0388533,100.6057733,2.1,13.68,273,W,2026-02-03T20:20:17.761947
5,80,14.0388567,100.6057433,2.1,13.30,271,W,2026-02-03T20:20:18.778180
5,81,14.0388583,100.605715,2.2,12.63,269,W,2026-02-03T20:20:19.746681
5,82,14.038855,100.60569,2.2,11.83,265,W,2026-02-03T20:20:20.755755
5,83,14.038855,100.6056683,2.2,10.98,277,W,2026-02-03T20:20:21.728180
5,84,14.0388617,100.6056383,2.2,10.38,278,W,2026-02-03T20:20:22.764748
5,85,14.0388633,100.60561,2.2,9.88,274,W,2026-02-03T20:20:23.742776
5,86,14.0388683,100.60558,2.0,9.47,275,W,2026-02-03T20:20:24.766199
5,87,14.038875,100.60555,1.9,9.14,275,W,2026-02-03T20:20:25.758751
5,88,14.038875,100.60552,1.8,8.96,282,W,2026-02-03T20:20:26.769833
5,89,14.0388767,100.605495,1.8,8.70,278,W,2026-02-03T20:20:27.762940
5,90,14.0388783,100.6054617,1.8,8.53,284,W,2026-02-03T20:20:28.761683
5,91,14.0388817,100.60543,1.8,8.46,274,W,2026-02-03T20:20:29.828998
5,92,14.0388833,100.6054033,1.8,8.57,270,W,2026-02-03T20:20:30.777583
5,93,14.038895,100.6053683,1.8,9.01,292,W,2026-02-03T20:20:31.756936
5,94,14.0389017,100.6053333,1.8,9.43,289,W,2026-02-03T20:20:32.767208
5,95,14.03891,100.6053017,1.8,9.80,289,W,2026-02-03T20:20:33.756282
5,96,14.0389183,100.6052717,1.9,10.08,293,NW,2026-02-03T20:20:34.775354
5,97,14.03893,100.60524,1.9,10.45,291,W,2026-02-03T20:20:35.769674
5,98,14.03894,100.605205,2.0,10.70,287,W,2026-02-03T20:20:36.845143
5,99,14.0389467,100.6051783,2.0,10.90,296,NW,2026-02-03T20:20:37.771297
5,100,14.0389567,100.6051533,2.1,11.04,297,NW,2026-02-03T20:20:38.759736
5,101,14.0389683,100.6051283,2.2,11.27,303,NW,2026-02-03T20:20:39.837344
5,102,14.038985,100.605105,2.3,11.53,314,NW,2026-02-03T20:20:40.759091
5,103,14.0390033,100.605085,2.3,11.61,310,NW,2026-02-03T20:20:41.754816
5,104,14.0390183,100.6050733,2.3,11.36,313,NW,2026-02-03T20:20:42.787109
5,105,14.0390383,100.6050667,2.3,10.80,309,NW,2026-02-03T20:20:43.784490
5,106,14.03905,100.6050667,2.2,9.87,315,NW,2026-02-03T20:20:44.756823
5,107,14.0390533,100.6050683,2.2,8.60,16,N,2026-02-03T20:20:45.763230
6,1,14.0390533,100.60507,2.0,0.04,0,N,2026-02-03T20:20:49.563076
6,2,14.0390567,100.60507,2.1,1.00,38,NE,2026-02-03T20:20:50.046011
6,3,14.039065,100.6050717,2.1,1.30,39,NE,2026-02-03T20:20:50.765
6,4,14.0390733,100.6050767,2.2,1.74,33,NE,2026-02-03T20:20:51.271407
6,5,14.0390883,100.6050767,2.1,2.53,27,NE,2026-02-03T20:20:51.780676
6,6,14.0390983,100.60506,2.2,2.48,354,N,2026-02-03T20:20:52.267271
6,7,14.039105,100.60505,2.1,2.68,340,N,2026-02-03T20:20:52.773409
6,8,14.0391233,100.6050317,2.1,4.50,327,NW,2026-02-03T20:20:53.749859
6,9,14.0391367,100.6050117,2.0,6.38,319,NW,2026-02-03T20:20:54.754961
6,10,14.0391533,100.6049917,1.9,7.83,324,NW,2026-02-03T20:20:55.784558
6,11,14.0391733,100.60497,2.7,9.33,321,NW,2026-02-03T20:20:56.755760
6,12,14.0391917,100.6049483,2.8,9.12,314,NW,2026-02-03T20:20:57.734857
6,13,14.0392083,100.6049267,2.8,10.35,317,NW,2026-02-03T20:20:58.756426
6,14,14.0392267,100.604905,2.8,10.21,314,NW,2026-02-03T20:20:59.723952
6,15,14.03924,100.6048833,2.8,9.50,327,NW,2026-02-03T20:21:00.758715
6,16,14.03926,100.604865,1.8,10.10,312,NW,2026-02-03T20:21:01.762509
6,17,14.039275,100.6048417,1.8,9.04,316,NW,2026-02-03T20:21:02.743146
6,18,14.03929,100.6048183,1.8,10.83,315,NW,2026-02-03T20:21:03.749447
6,19,14.0393083,100.604795,1.8,11.51,302,NW,2026-02-03T20:21:04.736685
6,20,14.0393233,100.60477,1.8,9.92,304,NW,2026-02-03T20:21:05.747678
6,21,14.0393417,100.604745,1.9,10.09,305,NW,2026-02-03T20:21:06.767363
6,22,14.0393633,100.60472,1.9,10.61,305,NW,2026-02-03T20:21:07.767792
6,23,14.03938,100.6046967,1.9,8.56,298,NW,2026-02-03T20:21:08.745737
6,24,14.0393917,100.604675,1.9,9.83,297,NW,2026-02-03T20:21:09.748473
6,25,14.039405,100.6046533,1.9,9.58,292,W,2026-02-03T20:21:10.772099
6,26,14.03941,100.604635,1.9,9.23,298,NW,2026-02-03T20:21:11.759939
6,27,14.0394167,100.6046167,1.8,8.94,300,NW,2026-02-03T20:21:12.731747
6,28,14.0394217,100.6046,1.8,8.49,300,NW,2026-02-03T20:21:13.753672
6,29,14.0394267,100.6045833,1.7,7.90,300,NW,2026-02-03T20:21:14.762941
6,30,14.0394333,100.604565,1.7,7.46,289,W,2026-02-03T20:21:15.766802
6,31,14.0394383,100.604545,1.7,6.98,290,W,2026-02-03T20:21:16.778946
6,32,14.0394467,100.6045217,1.7,6.65,297,NW,2026-02-03T20:21:17.769828
6,33,14.03945,100.604495,1.7,6.67,275,W,2026-02-03T20:21:18.767578
6,34,14.039455,100.6044583,1.7,7.00,275,W,2026-02-03T20:21:19.775519
6,35,14.0394633,100.60442,1.7,7.52,276,W,2026-02-03T20:21:20.769139
6,36,14.039465,100.6043883,1.8,8.11,275,W,2026-02-03T20:21:21.789976
6,37,14.0394683,100.604355,1.9,8.82,277,W,2026-02-03T20:21:22.764835
6,38,14.0394733,100.6043183,1.9,9.52,278,W,2026-02-03T20:21:23.773259
6,39,14.0394817,100.6042867,2.0,10.16,280,W,2026-02-03T20:21:24.767622
6,40,14.0395,100.6042583,2.0,10.75,278,W,2026-02-03T20:21:25.752555
6,41,14.0395083,100.6042283,2.0,11.42,281,W,2026-02-03T20:21:26.765223
6,42,14.039515,100.60421,2.1,11.25,290,W,2026-02-03T20:21:27.797083
6,43,14.03952,100.6042033,2.1,10.64,303,NW,2026-02-03T20:21:28.748736
6,44,14.039525,100.6042017,2.0,9.59,347,N,2026-02-03T20:21:29.720864
7,1,14.039525,100.6042017,2.1,0.14,0,N,2026-02-03T20:21:33.501549
7,2,14.0395267,100.6042,2.1,1.07,255,W,2026-02-03T20:21:33.976037
7,3,14.039525,100.6041967,2.2,2.31,238,SW,2026-02-03T20:21:34.753798
7,4,14.0395217,100.6041917,2.3,3.50,238,SW,2026-02-03T20:21:35.264219
7,5,14.0395233,100.6041883,2.3,4.12,233,SW,2026-02-03T20:21:35.774279
7,6,14.03952,100.604185,2.2,5.25,240,SW,2026-02-03T20:21:36.270486
7,7,14.0395283,100.6041767,2.2,5.18,263,W,2026-02-03T20:21:36.767707
7,8,14.0395317,100.6041567,2.2,5.79,287,W,2026-02-03T20:21:37.718216
7,9,14.0395433,100.6041317,2.1,5.27,295,NW,2026-02-03T20:21:38.768370
7,10,14.0395517,100.604105,2.1,5.52,301,NW,2026-02-03T20:21:39.764421
7,11,14.0395667,100.6040767,2.0,8.40,297,NW,2026-02-03T20:21:40.794439
7,12,14.0395783,100.6040433,1.9,10.68,286,W,2026-02-03T20:21:41.761510
7,13,14.0395917,100.60401,1.9,10.50,285,W,2026-02-03T20:21:42.765190
7,14,14.0395983,100.6039817,1.8,10.57,281,W,2026-02-03T20:21:43.763943
7,15,14.039605,100.6039483,1.8,10.80,276,W,2026-02-03T20:21:44.732479
7,16,14.03961,100.6039133,1.8,11.94,279,W,2026-02-03T20:21:45.792449
7,17,14.0396133,100.6038783,1.8,12.42,274,W,2026-02-03T20:21:46.770376
7,18,14.0396167,100.603845,1.8,11.53,271,W,2026-02-03T20:21:47.742115
7,19,14.0396167,100.603815,1.8,9.95,270,W,2026-02-03T20:21:48.767416
7,20,14.0396167,100.6037833,1.9,9.08,271,W,2026-02-03T20:21:49.793910
7,21,14.0396267,100.603745,1.9,12.30,282,W,2026-02-03T20:21:50.719038
7,22,14.0396317,100.6037083,1.9,13.04,283,W,2026-02-03T20:21:51.789923
7,23,14.0396383,100.60367,2.0,15.04,277,W,2026-02-03T20:21:52.738741
7,24,14.0396417,100.6036317,2.0,12.03,281,W,2026-02-03T20:21:53.774853
7,25,14.0396467,100.6035933,2.1,12.37,280,W,2026-02-03T20:21:54.759845
7,26,14.0396533,100.6035567,2.1,12.58,277,W,2026-02-03T20:21:55.729609
7,27,14.039655,100.6035217,2.2,12.42,277,W,2026-02-03T20:21:56.761599
7,28,14.0396583,100.6034967,2.3,12.20,279,W,2026-02-03T20:21:57.740148
7,29,14.0396633,100.6034717,2.3,12.22,281,W,2026-02-03T20:21:58.754828
7,30,14.039665,100.603455,2.3,12.33,275,W,2026-02-03T20:21:59.782026
7,31,14.03967,100.60343,2.2,12.20,281,W,2026-02-03T20:22:00.752169
7,32,14.0396767,100.6033983,2.1,12.11,283,W,2026-02-03T20:22:01.762586
7,33,14.0396817,100.6033667,2.0,11.83,279,W,2026-02-03T20:22:02.771271
7,34,14.0396883,100.603335,2.0,11.66,283,W,2026-02-03T20:22:03.781667
7,35,14.0396933,100.6033,2.0,11.53,285,W,2026-02-03T20:22:04.734339
7,36,14.0396967,100.603265,2.0,11.60,283,W,2026-02-03T20:22:05.765720
7,37,14.0397033,100.6032283,2.1,11.94,285,W,2026-02-03T20:22:06.730532
7,38,14.0397117,100.60319,2.2,12.54,282,W,2026-02-03T20:22:07.778824
7,39,14.0397183,100.6031483,2.3,13.02,283,W,2026-02-03T20:22:08.782926
7,40,14.0397233,100.6031083,2.3,13.56,283,W,2026-02-03T20:22:09.720998
7,41,14.0397333,100.603065,2.3,14.08,283,W,2026-02-03T20:22:10.761513
7,42,14.0397433,100.6030267,2.3,14.43,280,W,2026-02-03T20:22:11.769049
7,43,14.03975,100.6029833,2.3,14.88,278,W,2026-02-03T20:22:12.753526
7,44,14.0397583,100.6029367,2.3,15.37,281,W,2026-02-03T20:22:13.776547
7,45,14.039765,100.6028917,2.3,15.83,280,W,2026-02-03T20:22:14.756974
7,46,14.039775,100.602845,2.3,16.04,281,W,2026-02-03T20:22:15.779152
7,47,14.0397833,100.6027967,2.3,16.41,281,W,2026-02-03T20:22:16.780001
7,48,14.0397917,100.60275,2.4,16.50,276,W,2026-02-03T20:22:17.801008
7,49,14.0397983,100.602705,2.4,16.70,279,W,2026-02-03T20:22:18.787305
7,50,14.0398067,100.60266,2.4,16.82,279,W,2026-02-03T20:22:19.789783
7,51,14.0398133,100.6026167,2.4,16.84,280,W,2026-02-03T20:22:20.816899
7,52,14.0398217,100.602575,2.4,16.84,282,W,2026-02-03T20:22:21.806027
7,53,14.03983,100.6025333,2.4,16.80,282,W,2026-02-03T20:22:22.794046
7,54,14.03984,100.60249,2.4,16.64,281,W,2026-02-03T20:22:23.791293
7,55,14.03985,100.60245,2.4,16.44,277,W,2026-02-03T20:22:24.774096
7,56,14.039855,100.6024083,2.4,16.38,278,W,2026-02-03T20:22:25.773851
7,57,14.0398583,100.6023667,2.4,16.13,274,W,2026-02-03T20:22:26.812481
7,58,14.03986,100.602325,2.4,16.00,270,W,2026-02-03T20:22:27.792083
7,59,14.03986,100.60229,2.4,15.71,264,W,2026-02-03T20:22:28.774803
7,60,14.039855,100.602255,2.4,15.35,258,W,2026-02-03T20:22:29.786422
7,61,14.0398467,100.60222,2.4,15.08,255,W,2026-02-03T20:22:30.790726
7,62,14.0398383,100.6021883,2.3,14.82,247,SW,2026-02-03T20:22:31.778559
7,63,14.039825,100.6021567,2.3,14.48,245,SW,2026-02-03T20:22:32.828338
7,64,14.0398133,100.6021267,2.3,14.08,243,SW,2026-02-03T20:22:33.780942
7,65,14.0397983,100.6020983,2.3,13.79,239,SW,2026-02-03T20:22:34.784690
7,66,14.0397833,100.6020717,2.4,13.42,238,SW,2026-02-03T20:22:35.803845
7,67,14.0397683,100.6020433,2.4,13.14,240,SW,2026-02-03T20:22:36.772770
7,68,14.0397533,100.602015,2.4,12.89,239,SW,2026-02-03T20:22:37.804958
7,69,14.03974,100.601985,2.4,12.74,241,SW,2026-02-03T20:22:38.791889
7,70,14.0397283,100.601955,2.3,12.70,241,SW,2026-02-03T20:22:39.778228
7,71,14.039715,100.6019267,2.3,12.53,241,SW,2026-02-03T20:22:40.778850
7,72,14.0397033,100.6018983,2.3,12.39,244,SW,2026-02-03T20:22:41.787580
7,73,14.03969,100.6018733,2.3,12.33,243,SW,2026-02-03T20:22:42.788771
7,74,14.0396767,100.6018467,2.3,12.36,241,SW,2026-02-03T20:22:43.801999
7,75,14.039665,100.60182,2.4,12.27,243,SW,2026-02-03T20:22:44.812900
7,76,14.0396533,100.6017917,2.4,12.22,243,SW,2026-02-03T20:22:45.816299
7,77,14.03964,100.6017667,2.4,11.97,235,SW,2026-02-03T20:22:46.801451
7,78,14.0396267,100.6017467,2.4,11.62,233,SW,2026-02-03T20:22:47.815598
7,79,14.0396183,100.6017067,2.3,11.27,243,SW,2026-02-03T20:22:48.784468
7,80,14.0396117,100.60168,2.3,10.82,251,W,2026-02-03T20:22:49.788026
7,81,14.039605,100.6016533,2.2,10.41,254,W,2026-02-03T20:22:50.804258
7,82,14.0395967,100.6016333,2.0,9.89,248,W,2026-02-03T20:22:51.785435
7,83,14.0395917,100.6016167,1.9,9.14,264,W,2026-02-03T20:22:52.812437
7,84,14.0395917,100.6016017,1.8,8.33,283,W,2026-02-03T20:22:53.768437
7,85,14.039595,100.6015883,1.7,7.56,288,W,2026-02-03T20:22:54.763737
7,86,14.0395967,100.6015767,1.6,6.82,294,NW,2026-02-03T20:22:55.750388
7,87,14.0396,100.6015683,1.6,6.10,304,NW,2026-02-03T20:22:56.736039
7,88,14.0396083,100.6015617,1.6,5.80,310,NW,2026-02-03T20:22:57.747266
7,89,14.0396217,100.6015533,1.6,5.58,314,NW,2026-02-03T20:22:58.794516
7,90,14.039635,100.6015433,1.6,5.29,328,NW,2026-02-03T20:22:59.783528
7,91,14.0396483,100.60154,1.6,4.99,323,NW,2026-02-03T20:23:00.782576
7,92,14.03966,100.601535,1.6,4.80,312,NW,2026-02-03T20:23:01.781332
7,93,14.039675,100.6015233,1.7,5.03,309,NW,2026-02-03T20:23:02.772159
7,94,14.039695,100.6015183,1.7,5.34,338,N,2026-02-03T20:23:03.776450
7,95,14.0397117,100.6015233,1.7,5.53,4,N,2026-02-03T20:23:04.776980
7,96,14.0397267,100.60153,1.7,5.69,8,N,2026-02-03T20:23:05.803761
7,97,14.0397433,100.6015383,1.7,5.99,22,N,2026-02-03T20:23:06.748097
7,98,14.03976,100.6015433,1.7,6.03,25,NE,2026-02-03T20:23:07.735598
7,99,14.0397733,100.6015483,1.7,5.87,14,N,2026-02-03T20:23:08.780286
7,100,14.039785,100.6015517,1.7,5.78,24,NE,2026-02-03T20:23:09.775355
7,101,14.0397933,100.60156,1.7,5.75,30,NE,2026-02-03T20:23:10.770984
7,102,14.0397983,100.601565,1.7,5.70,29,NE,2026-02-03T20:23:11.756668
7,103,14.0398,100.6015783,1.7,5.48,42,NE,2026-02-03T20:23:12.761559
7,104,14.0398083,100.6015867,1.7,5.25,47,NE,2026-02-03T20:23:13.814676
7,105,14.0398133,100.6015967,1.7,4.88,46,NE,2026-02-03T20:23:14.757910
7,106,14.0398167,100.6016,1.6,4.41,60,NE,2026-02-03T20:23:15.811275
7,107,14.0398167,100.6016033,1.6,3.90,84,E,2026-02-03T20:23:16.794359
8,1,14.0400565,100.6016409,31.9,0.00,0,N,2026-02-03T20:35:17.258939
8,2,14.03994,100.6014767,106.9,0.00,0,N,2026-02-03T20:35:18.233269
8,3,14.0397483,100.6016017,6.9,5.67,271,W,2026-02-03T20:35:18.712923
8,4,14.0397233,100.6015967,6.5,2.59,286,W,2026-02-03T20:35:19.171670
8,5,14.0397017,100.6015667,5.9,2.66,298,NW,2026-02-03T20:35:19.765553
8,6,14.03991,100.60164,5.4,1.72,37,NE,2026-02-03T20:35:20.669568
8,7,14.03992,100.601645,5.1,2.80,35,NE,2026-02-03T20:35:21.724322
8,8,14.039775,100.601705,4.8,5.11,60,NE,2026-02-03T20:35:22.722231
8,9,14.0398017,100.6017317,4.5,6.55,65,NE,2026-02-03T20:35:23.774215
8,10,14.0398267,100.6017817,3.6,9.04,71,E,2026-02-03T20:35:24.708541
8,11,14.0398467,100.601825,3.2,9.81,70,E,2026-02-03T20:35:25.704844
8,12,14.039865,100.6018733,2.8,9.75,72,E,2026-02-03T20:35:26.782211
8,13,14.0398767,100.6019133,2.6,8.93,73,E,2026-02-03T20:35:27.741951
8,14,14.0398867,100.6019483,2.5,9.91,77,E,2026-02-03T20:35:28.815532
8,15,14.0398967,100.6019767,2.5,9.83,76,E,2026-02-03T20:35:29.771223
8,16,14.0399333,100.601945,2.4,9.79,76,E,2026-02-03T20:35:30.743976
8,17,14.0399283,100.6019633,2.3,9.97,81,E,2026-02-03T20:35:31.770328
8,18,14.0399217,100.6019883,2.3,11.43,88,E,2026-02-03T20:35:32.792075
8,19,14.039915,100.60202,2.3,11.83,92,E,2026-02-03T20:35:33.731386
8,20,14.03991,100.6020483,2.2,13.65,91,E,2026-02-03T20:35:34.768029
8,21,14.039905,100.6020717,2.2,13.82,92,E,2026-02-03T20:35:35.774215
8,22,14.0399033,100.6020967,2.2,14.41,89,E,2026-02-03T20:35:36.756024
8,23,14.0399033,100.6021233,2.1,11.82,85,E,2026-02-03T20:35:37.796923
8,24,14.0399067,100.602155,2.1,12.11,88,E,2026-02-03T20:35:38.774450
8,25,14.0399067,100.6021883,2.1,12.57,93,E,2026-02-03T20:35:39.755820
8,26,14.0399033,100.6022267,2.1,13.15,94,E,2026-02-03T20:35:40.739460
8,27,14.039895,100.602265,2.1,13.86,101,E,2026-02-03T20:35:41.772591
8,28,14.0398883,100.6023033,2.2,14.44,101,E,2026-02-03T20:35:42.780159
8,29,14.0398833,100.6023433,2.2,14.94,102,E,2026-02-03T20:35:43.786907
8,30,14.039875,100.602385,2.3,15.25,98,E,2026-02-03T20:35:44.780600
8,31,14.0398683,100.602425,2.4,15.59,102,E,2026-02-03T20:35:45.765309
8,32,14.0398583,100.6024667,2.5,15.80,101,E,2026-02-03T20:35:46.785040
8,33,14.0398483,100.6025067,2.5,16.15,96,E,2026-02-03T20:35:47.798205
8,34,14.03984,100.6025533,2.5,16.73,97,E,2026-02-03T20:35:48.765856
8,35,14.03983,100.6026017,2.6,17.26,102,E,2026-02-03T20:35:49.762487
8,36,14.0398183,100.60265,2.6,17.64,100,E,2026-02-03T20:35:50.785202
8,37,14.039805,100.6026983,2.6,17.90,100,E,2026-02-03T20:35:51.766958
8,38,14.0397983,100.6027467,2.6,18.14,101,E,2026-02-03T20:35:52.803871
8,39,14.03979,100.6027933,2.6,18.31,100,E,2026-02-03T20:35:53.791013
8,40,14.0397783,100.6028383,2.6,18.50,100,E,2026-02-03T20:35:54.776437
8,41,14.0397683,100.6028817,2.7,18.51,100,E,2026-02-03T20:35:55.781966
8,42,14.0397567,100.6029267,2.7,18.67,102,E,2026-02-03T20:35:56.781403
8,43,14.039745,100.6029683,2.7,18.72,103,E,2026-02-03T20:35:57.762754
8,44,14.0397333,100.60301,2.7,18.55,104,E,2026-02-03T20:35:58.785895
8,45,14.039725,100.6030483,2.6,18.19,99,E,2026-02-03T20:35:59.766235
8,46,14.0397183,100.6030883,2.6,17.76,104,E,2026-02-03T20:36:00.794544
8,47,14.03971,100.60313,2.6,17.43,103,E,2026-02-03T20:36:01.789158
8,48,14.0397017,100.6031733,2.6,17.03,103,E,2026-02-03T20:36:02.784289
8,49,14.039695,100.6032133,2.6,16.58,100,E,2026-02-03T20:36:03.761707
8,50,14.0396867,100.6032483,2.6,16.12,102,E,2026-02-03T20:36:04.771326
8,51,14.03968,100.6032833,2.6,15.70,101,E,2026-02-03T20:36:05.783821
8,52,14.0396733,100.603315,2.6,15.13,103,E,2026-02-03T20:36:06.781257
8,53,14.03967,100.6033467,2.6,14.65,102,E,2026-02-03T20:36:07.805450
8,54,14.039665,100.60338,2.6,14.15,99,E,2026-02-03T20:36:08.792007
8,55,14.03966,100.6034067,4.5,13.53,104,E,2026-02-03T20:36:09.780896
8,56,14.0396583,100.6034317,4.5,12.94,106,E,2026-02-03T20:36:10.795241
8,57,14.0396567,100.6034633,4.4,12.27,101,E,2026-02-03T20:36:11.795194
8,58,14.0396533,100.6034883,4.3,11.61,97,E,2026-02-03T20:36:12.775963
8,59,14.03965,100.6035117,4.3,11.11,102,E,2026-02-03T20:36:13.771529
8,60,14.0396467,100.603535,2.2,10.68,102,E,2026-02-03T20:36:14.774203
8,61,14.0396417,100.60356,2.1,10.36,98,E,2026-02-03T20:36:15.771403
8,62,14.0396367,100.6035867,2.0,10.19,94,E,2026-02-03T20:36:16.771545
8,63,14.0396267,100.6036133,1.9,10.03,97,E,2026-02-03T20:36:17.779172
8,64,14.03962,100.6036417,1.9,10.02,100,E,2026-02-03T20:36:18.803165
8,65,14.0396133,100.6036717,1.9,10.27,102,E,2026-02-03T20:36:19.788852
8,66,14.0396083,100.6037033,2.0,10.63,100,E,2026-02-03T20:36:20.796001
8,67,14.0396017,100.60374,2.0,11.02,103,E,2026-02-03T20:36:21.764598
8,68,14.0395967,100.6037783,2.1,11.54,103,E,2026-02-03T20:36:22.783388
8,69,14.03959,100.6038133,2.1,12.10,99,E,2026-02-03T20:36:23.787599
8,70,14.0395817,100.6038517,2.2,12.66,97,E,2026-02-03T20:36:24.775888
8,71,14.0395767,100.60389,2.3,13.18,96,E,2026-02-03T20:36:25.789406
8,72,14.0395733,100.6039267,2.3,13.58,96,E,2026-02-03T20:36:26.808188
8,73,14.03957,100.603965,2.4,13.90,95,E,2026-02-03T20:36:27.813978
8,74,14.0395667,100.6040033,2.4,14.11,97,E,2026-02-03T20:36:28.770517
8,75,14.0395567,100.6040433,2.4,14.25,100,E,2026-02-03T20:36:29.772258
8,76,14.039555,100.6040767,2.3,14.31,100,E,2026-02-03T20:36:30.791380
8,77,14.0395483,100.604105,2.3,14.22,102,E,2026-02-03T20:36:31.745091
8,78,14.0395433,100.6041333,2.2,13.88,108,E,2026-02-03T20:36:32.732238
8,79,14.0395367,100.6041583,2.1,13.35,103,E,2026-02-03T20:36:33.729498
8,80,14.0395383,100.6041783,2.0,12.44,102,E,2026-02-03T20:36:34.784713
8,81,14.03954,100.6041917,2.0,11.17,97,E,2026-02-03T20:36:35.762285
8,82,14.0395383,100.604195,2.0,9.77,140,SE,2026-02-03T20:36:36.789730
8,83,14.0395333,100.6041983,2.0,8.40,93,E,2026-02-03T20:36:37.763715
9,1,14.0395283,100.6042,2.5,0.95,89,E,2026-02-03T20:36:40.967313
9,2,14.03953,100.6042033,2.8,2.83,75,E,2026-02-03T20:36:41.775579
9,3,14.039525,100.6042183,3.2,5.72,55,NE,2026-02-03T20:36:42.278541
9,4,14.0395583,100.6042583,3.1,6.74,55,NE,2026-02-03T20:36:42.757042
9,5,14.0395667,100.60426,3.1,5.47,75,E,2026-02-03T20:36:43.250424
9,6,14.0395667,100.6042717,3.0,6.09,91,E,2026-02-03T20:36:43.741997
9,7,14.0395683,100.6042917,2.8,6.88,98,E,2026-02-03T20:36:44.729728
9,8,14.03956,100.604315,2.7,9.65,98,E,2026-02-03T20:36:45.722031
9,9,14.039555,100.6043483,2.5,10.40,101,E,2026-02-03T20:36:46.747487
9,10,14.0395417,100.604375,2.0,10.50,112,E,2026-02-03T20:36:47.762876
9,11,14.0395283,100.6043983,1.9,10.00,104,E,2026-02-03T20:36:48.742722
9,12,14.03952,100.6044167,1.9,9.75,107,E,2026-02-03T20:36:49.749107
9,13,14.0395067,100.6044367,1.9,10.75,109,E,2026-02-03T20:36:50.753905
9,14,14.039495,100.604465,1.9,11.85,113,SE,2026-02-03T20:36:51.779586
9,15,14.0394817,100.6044933,1.9,12.82,110,E,2026-02-03T20:36:52.775194
9,16,14.03947,100.6045217,1.9,10.81,112,E,2026-02-03T20:36:53.741023
9,17,14.0394583,100.6045483,2.0,11.28,116,SE,2026-02-03T20:36:54.764334
9,18,14.0394383,100.6045717,2.0,9.97,116,SE,2026-02-03T20:36:55.733514
9,19,14.0394283,100.6045933,2.0,8.45,117,SE,2026-02-03T20:36:56.746878
9,20,14.0394117,100.6046067,2.0,6.98,120,SE,2026-02-03T20:36:57.758656
9,21,14.0393983,100.60462,2.1,6.19,121,SE,2026-02-03T20:36:58.754016
9,22,14.03939,100.6046383,2.0,6.40,125,SE,2026-02-03T20:36:59.761254
9,23,14.03938,100.6046567,2.0,9.15,125,SE,2026-02-03T20:37:00.766833
9,24,14.0393733,100.6046767,2.0,8.73,125,SE,2026-02-03T20:37:01.736545
9,25,14.0393667,100.604695,2.0,8.11,115,SE,2026-02-03T20:37:02.747624
9,26,14.03936,100.6047133,2.0,7.75,117,SE,2026-02-03T20:37:03.747252
9,27,14.03935,100.604735,2.0,7.53,119,SE,2026-02-03T20:37:04.761805
9,28,14.0393367,100.604755,2.0,7.61,129,SE,2026-02-03T20:37:05.759865
9,29,14.0393217,100.6047783,2.0,8.00,123,SE,2026-02-03T20:37:06.760949
9,30,14.039305,100.6048067,2.0,8.55,124,SE,2026-02-03T20:37:07.765669
9,31,14.039285,100.6048333,2.0,9.25,126,SE,2026-02-03T20:37:08.765671
9,32,14.0392667,100.6048617,2.1,9.92,130,SE,2026-02-03T20:37:09.779935
9,33,14.0392483,100.60489,2.2,10.55,130,SE,2026-02-03T20:37:10.771146
9,34,14.03923,100.604915,2.2,11.06,131,SE,2026-02-03T20:37:11.775329
9,35,14.0392117,100.6049367,2.3,11.49,135,SE,2026-02-03T20:37:12.771323
9,36,14.0392017,100.604955,2.4,11.70,127,SE,2026-02-03T20:37:13.768143
9,37,14.03919,100.6049683,2.5,11.57,138,SE,2026-02-03T20:37:14.754233
9,38,14.0391767,100.6049817,2.5,11.26,138,SE,2026-02-03T20:37:15.768088
9,39,14.039165,100.604995,2.5,10.64,135,SE,2026-02-03T20:37:16.771652
9,40,14.0391467,100.60501,2.4,10.20,128,SE,2026-02-03T20:37:17.791375
9,41,14.0391283,100.60503,2.4,9.76,124,SE,2026-02-03T20:37:18.784195
9,42,14.0391117,100.6050517,2.3,9.31,126,SE,2026-02-03T20:37:19.763658
9,43,14.0390917,100.605075,2.2,8.97,131,SE,2026-02-03T20:37:20.774892
9,44,14.0390733,100.6051,2.1,8.68,126,SE,2026-02-03T20:37:21.784637
9,45,14.0390533,100.6051283,2.1,8.73,122,SE,2026-02-03T20:37:22.781292
9,46,14.0390333,100.6051617,2.0,9.04,118,SE,2026-02-03T20:37:23.787131
9,47,14.03902,100.6051933,2.0,9.56,117,SE,2026-02-03T20:37:24.793058
9,48,14.0390017,100.6052267,2.0,10.16,121,SE,2026-02-03T20:37:25.756782
9,49,14.0389817,100.6052617,2.0,11.03,118,SE,2026-02-03T20:37:26.755401
9,50,14.038965,100.6052983,2.0,11.75,119,SE,2026-02-03T20:37:27.753278
9,51,14.0389533,100.6053283,2.0,12.40,112,E,2026-02-03T20:37:28.764885
9,52,14.0389333,100.6053667,2.0,13.32,117,SE,2026-02-03T20:37:29.769301
9,53,14.0389167,100.6054,2.1,13.82,116,SE,2026-02-03T20:37:30.792284
9,54,14.0389067,100.6054283,2.2,14.15,108,E,2026-02-03T20:37:31.759859
9,55,14.0389017,100.605455,2.3,14.23,96,E,2026-02-03T20:37:32.769406
9,56,14.0389,100.60548,2.4,14.11,84,E,2026-02-03T20:37:33.756901
9,57,14.0388983,100.6055067,2.5,13.93,82,E,2026-02-03T20:37:34.770753
9,58,14.038895,100.6055317,2.5,13.52,94,E,2026-02-03T20:37:35.767913
9,59,14.03889,100.6055467,2.6,12.68,100,E,2026-02-03T20:37:36.747954
9,60,14.0388833,100.6055633,2.5,11.67,125,SE,2026-02-03T20:37:37.755209
9,61,14.0388783,100.6055683,2.5,10.30,147,SE,2026-02-03T20:37:38.747047
9,62,14.0388733,100.605565,2.4,8.65,179,S,2026-02-03T20:37:39.763090
9,63,14.0388733,100.605565,6.2,0.00,0,N,2026-02-03T20:37:40.311464
10,1,14.03887,100.6055617,2.3,0.00,0,N,2026-02-03T20:37:49.930346
10,2,14.03887,100.6055633,2.7,0.00,0,N,2026-02-03T20:37:50.381205
10,3,14.0388683,100.6055667,3.0,0.00,0,N,2026-02-03T20:37:50.901602
10,4,14.0388667,100.60557,3.2,0.00,0,N,2026-02-03T20:37:51.389838
10,5,14.0388667,100.605575,3.3,1.88,143,SE,2026-02-03T20:37:51.922887
10,6,14.0388533,100.60559,3.3,4.31,134,SE,2026-02-03T20:37:52.898201
10,7,14.0388417,100.6056533,3.3,5.18,118,SE,2026-02-03T20:37:53.924537
10,8,14.03882,100.6056867,3.3,5.58,122,SE,2026-02-03T20:37:54.919610
10,9,14.03882,100.605715,3.4,6.14,113,SE,2026-02-03T20:37:55.909280
10,10,14.03881,100.605735,3.3,7.19,114,SE,2026-02-03T20:37:56.917069
10,11,14.0387967,100.6057583,3.1,8.48,110,E,2026-02-03T20:37:57.919026
10,12,14.0387983,100.6057933,2.9,8.46,105,E,2026-02-03T20:37:58.917092
10,13,14.0387917,100.6058267,2.7,9.43,101,E,2026-02-03T20:37:59.913984
10,14,14.0387883,100.6058583,2.6,8.98,99,E,2026-02-03T20:38:00.917121
10,15,14.0387867,100.605885,2.5,8.19,92,E,2026-02-03T20:38:01.899229
10,16,14.03879,100.605915,4.7,9.55,91,E,2026-02-03T20:38:02.893989
10,17,14.0387917,100.6059417,4.7,9.67,96,E,2026-02-03T20:38:03.898584
10,18,14.0387883,100.6059917,5.0,9.63,102,E,2026-02-03T20:38:05.748923
10,19,14.038785,100.6060167,5.0,9.12,102,E,2026-02-03T20:38:06.755748
10,20,14.038795,100.6060483,2.4,10.03,99,E,2026-02-03T20:38:07.767826
10,21,14.0387967,100.6060733,2.4,10.58,100,E,2026-02-03T20:38:08.753096
10,22,14.038815,100.6060817,2.4,9.36,88,E,2026-02-03T20:38:09.764712
10,23,14.0388183,100.6061033,2.4,9.38,88,E,2026-02-03T20:38:10.752452
10,24,14.0388167,100.60613,2.3,9.40,91,E,2026-02-03T20:38:11.750584
10,25,14.0388117,100.6061683,2.3,9.64,92,E,2026-02-03T20:38:12.760302
10,26,14.0388067,100.6062117,2.3,9.83,97,E,2026-02-03T20:38:13.755680
10,27,14.0387983,100.6062617,2.2,10.13,93,E,2026-02-03T20:38:14.766536
10,28,14.038795,100.606305,2.2,10.45,99,E,2026-02-03T20:38:15.746313
10,29,14.0387917,100.606345,2.1,10.69,103,E,2026-02-03T20:38:16.747587
10,30,14.0387867,100.6063817,2.1,10.85,103,E,2026-02-03T20:38:17.766439
10,31,14.038785,100.606415,2.0,10.83,97,E,2026-02-03T20:38:18.751273
10,32,14.038785,100.606415,7.0,0.00,0,N,2026-02-03T20:38:19.480801
10,33,14.0387783,100.60648,6.3,10.91,94,E,2026-02-03T20:38:20.760943
10,34,14.0387767,100.6065067,6.3,10.88,91,E,2026-02-03T20:38:21.757628
10,35,14.0387767,100.6065383,6.3,10.75,93,E,2026-02-03T20:38:22.729387
10,36,14.03878,100.606565,6.3,10.44,88,E,2026-02-03T20:38:23.756577
10,37,14.0387817,100.6065983,2.0,10.24,86,E,2026-02-03T20:38:24.775429
10,38,14.038785,100.6066367,2.0,10.05,83,E,2026-02-03T20:38:25.772715
10,39,14.0387883,100.6066833,2.0,10.29,84,E,2026-02-03T20:38:26.741170
10,40,14.03879,100.606725,2.0,10.40,85,E,2026-02-03T20:38:27.766932
10,41,14.0387933,100.6067717,2.0,10.82,86,E,2026-02-03T20:38:28.762803
10,42,14.0387933,100.6068133,2.0,11.27,89,E,2026-02-03T20:38:29.751759
10,43,14.038795,100.60685,2.0,11.62,90,E,2026-02-03T20:38:30.737894
10,44,14.0387933,100.6068883,1.9,12.04,91,E,2026-02-03T20:38:31.748872
10,45,14.0387917,100.606925,1.9,12.36,94,E,2026-02-03T20:38:32.754841
10,46,14.03879,100.60696,1.9,12.78,94,E,2026-02-03T20:38:33.797550
10,47,14.0387867,100.6070017,1.9,13.17,94,E,2026-02-03T20:38:34.763368
10,48,14.038785,100.60704,1.9,13.49,93,E,2026-02-03T20:38:35.752968
10,49,14.0387833,100.6070817,1.9,13.51,94,E,2026-02-03T20:38:36.744762
10,50,14.0387833,100.6071167,1.9,13.53,98,E,2026-02-03T20:38:37.751395
10,51,14.0387817,100.6071533,1.9,13.37,100,E,2026-02-03T20:38:38.757606
10,52,14.0387817,100.60719,1.9,13.43,98,E,2026-02-03T20:38:39.762560
10,53,14.038785,100.6072333,1.9,13.52,93,E,2026-02-03T20:38:40.780327
10,54,14.0387867,100.60727,1.9,13.41,97,E,2026-02-03T20:38:41.762488
10,55,14.03879,100.6073017,1.9,13.14,96,E,2026-02-03T20:38:42.742762
10,56,14.0387883,100.6073317,1.8,12.73,104,E,2026-02-03T20:38:43.764456
10,57,14.0387867,100.6073567,1.8,12.04,100,E,2026-02-03T20:38:44.758873
10,58,14.038785,100.60738,1.8,11.35,93,E,2026-02-03T20:38:45.770933
10,59,14.0387883,100.6074033,1.8,10.70,83,E,2026-02-03T20:38:46.763263
10,60,14.038795,100.6074283,1.8,10.33,75,E,2026-02-03T20:38:47.752772
10,61,14.0388033,100.607455,1.8,9.95,71,E,2026-02-03T20:38:48.748141
10,62,14.03881,100.607485,1.8,9.53,66,NE,2026-02-03T20:38:49.745332
10,63,14.0388233,100.6075133,1.8,9.15,59,NE,2026-02-03T20:38:50.739347
10,64,14.0388367,100.6075433,1.9,8.94,65,NE,2026-02-03T20:38:51.746969
10,65,14.0388517,100.6075717,1.9,8.91,56,NE,2026-02-03T20:38:52.790462
10,66,14.03887,100.6075983,2.0,8.98,53,NE,2026-02-03T20:38:53.772774
10,67,14.0388867,100.6076233,2.0,9.04,56,NE,2026-02-03T20:38:54.768952
10,68,14.0389017,100.6076417,2.1,9.11,50,NE,2026-02-03T20:38:55.767364
10,69,14.038915,100.6076617,2.1,9.07,52,NE,2026-02-03T20:38:56.765874
10,70,14.038935,100.6076817,2.2,8.77,43,NE,2026-02-03T20:38:57.771540
10,71,14.0389567,100.6077017,2.2,8.58,29,NE,2026-02-03T20:38:58.771336
10,72,14.0389733,100.60772,2.2,8.28,30,NE,2026-02-03T20:38:59.792940
10,73,14.0389817,100.607735,2.2,7.78,61,NE,2026-02-03T20:39:00.720055
10,74,14.0389867,100.6077533,2.3,7.26,73,E,2026-02-03T20:39:01.775346
10,75,14.0389883,100.6077733,2.3,6.86,92,E,2026-02-03T20:39:02.741986
10,76,14.0389933,100.6077933,2.3,6.52,92,E,2026-02-03T20:39:03.773169
10,77,14.0389883,100.6078167,2.3,6.43,128,SE,2026-02-03T20:39:04.755901
10,78,14.0389783,100.607835,2.3,6.27,131,SE,2026-02-03T20:39:05.771765
10,79,14.03897,100.6078533,2.3,5.98,120,SE,2026-02-03T20:39:06.782895
10,80,14.0389683,100.6078633,2.3,5.69,101,E,2026-02-03T20:39:07.752741
10,81,14.0389683,100.6078683,2.2,5.04,137,SE,2026-02-03T20:39:08.737122
10,82,14.0389633,100.6078683,2.2,4.61,159,S,2026-02-03T20:39:09.779496
10,83,14.0389583,100.6078717,2.2,4.24,145,SE,2026-02-03T20:39:10.777732
10,84,14.03896,100.6078767,2.3,3.88,57,NE,2026-02-03T20:39:11.744792
11,1,14.0391117,100.60795,2.5,0.24,0,N,2026-02-03T20:39:13.796932
11,2,14.0391117,100.6079517,2.7,0.00,0,N,2026-02-03T20:39:14.271433
11,3,14.0391117,100.60795,2.9,0.43,68,E,2026-02-03T20:39:15.276394
11,4,14.038955,100.6078767,3.0,1.15,35,NE,2026-02-03T20:39:15.781570
11,5,14.0389533,100.60788,3.0,1.40,35,NE,2026-02-03T20:39:16.278131
11,6,14.0389533,100.607885,3.1,1.39,26,NE,2026-02-03T20:39:16.779052
11,7,14.0389467,100.60789,3.0,1.20,34,NE,2026-02-03T20:39:17.744741
11,8,14.0389367,100.6078917,3.0,0.59,68,E,2026-02-03T20:39:18.769557
11,9,14.03893,100.607895,2.8,0.32,0,N,2026-02-03T20:39:19.772043
11,10,14.038925,100.6079017,2.6,0.28,0,N,2026-02-03T20:39:20.785004
11,11,14.038925,100.6079067,2.5,0.94,10,N,2026-02-03T20:39:21.794812
11,12,14.038925,100.6079067,5.5,0.00,0,N,2026-02-03T20:39:22.279634
11,13,14.038925,100.607915,5.1,1.40,25,NE,2026-02-03T20:39:22.788563
11,14,14.038925,100.6079233,5.1,1.73,73,E,2026-02-03T20:39:23.788531
11,15,14.0389267,100.6079367,5.1,2.39,78,E,2026-02-03T20:39:24.746744
11,16,14.0389233,100.6079517,5.1,4.09,96,E,2026-02-03T20:39:25.736897
11,17,14.03892,100.6079583,5.1,3.54,110,E,2026-02-03T20:39:26.782106
11,18,14.03892,100.6079583,6.7,0.00,0,N,2026-02-03T20:39:27.327165
11,19,14.03891,100.60798,6.1,5.31,123,SE,2026-02-03T20:39:28.797114
11,20,14.0389033,100.6079917,6.1,5.14,122,SE,2026-02-03T20:39:29.788865
11,21,14.0388967,100.6080067,6.0,5.26,109,E,2026-02-03T20:39:30.751981
11,22,14.0388967,100.6080233,6.0,5.97,99,E,2026-02-03T20:39:31.740705
11,23,14.0389,100.60804,2.3,5.27,103,E,2026-02-03T20:39:32.749761
11,24,14.038905,100.6080567,2.3,4.61,90,E,2026-02-03T20:39:33.752354
11,25,14.0389033,100.6080783,2.3,5.16,88,E,2026-02-03T20:39:34.788504
11,26,14.038905,100.6080967,2.2,5.45,90,E,2026-02-03T20:39:35.790728
11,27,14.0389317,100.6081217,2.2,5.89,86,E,2026-02-03T20:39:36.733289
11,28,14.0389467,100.6081433,2.1,6.42,78,E,2026-02-03T20:39:37.741448
11,29,14.0389533,100.608175,2.1,7.00,80,E,2026-02-03T20:39:38.780954
11,30,14.0389617,100.6082133,2.0,7.59,71,E,2026-02-03T20:39:39.791538
11,31,14.0389833,100.6082483,2.0,8.23,62,NE,2026-02-03T20:39:40.790299
11,32,14.0390033,100.6082817,2.0,8.89,56,NE,2026-02-03T20:39:41.777460
11,33,14.0390233,100.608315,2.0,9.84,50,NE,2026-02-03T20:39:42.741530
11,34,14.03905,100.6083483,2.0,10.69,52,NE,2026-02-03T20:39:43.824847
11,35,14.0390733,100.608385,2.0,11.43,61,NE,2026-02-03T20:39:44.793797
11,36,14.0391,100.6084167,2.0,12.16,46,NE,2026-02-03T20:39:45.800180
11,37,14.0391317,100.6084467,1.9,12.98,46,NE,2026-02-03T20:39:46.792045
11,38,14.039165,100.6084767,1.9,13.77,42,NE,2026-02-03T20:39:47.792629
11,39,14.0392,100.6085067,1.9,14.21,45,NE,2026-02-03T20:39:48.825246
11,40,14.0392317,100.6085417,1.9,14.62,48,NE,2026-02-03T20:39:49.779951
11,41,14.039265,100.6085683,2.0,14.72,50,NE,2026-02-03T20:39:50.794662
11,42,14.0392933,100.608595,2.0,14.74,49,NE,2026-02-03T20:39:51.820765
11,43,14.0393183,100.6086133,2.1,14.33,45,NE,2026-02-03T20:39:52.815813
11,44,14.0393183,100.6086133,5.5,0.00,0,N,2026-02-03T20:39:53.810083
11,45,14.0393467,100.6086333,5.0,13.71,46,NE,2026-02-03T20:39:53.839069
11,46,14.0393667,100.6086517,5.1,12.92,47,NE,2026-02-03T20:39:54.795576
11,47,14.03939,100.6086583,5.0,12.28,40,NE,2026-02-03T20:39:55.790723
11,48,14.0394083,100.6086767,5.0,11.45,49,NE,2026-02-03T20:39:56.791474
11,49,14.0394217,100.60869,5.0,10.59,39,NE,2026-02-03T20:39:57.790458
11,50,14.0394367,100.6087033,2.0,9.79,46,NE,2026-02-03T20:39:58.808363
11,51,14.0394517,100.6087183,2.0,9.01,35,NE,2026-02-03T20:39:59.807996
11,52,14.0394733,100.6087283,2.0,8.50,22,N,2026-02-03T20:40:00.802130
11,53,14.0394917,100.60874,2.0,7.97,22,N,2026-02-03T20:40:01.777030
11,54,14.0395083,100.6087583,2.0,7.73,45,NE,2026-02-03T20:40:02.784016
11,55,14.039525,100.6087767,2.0,7.75,46,NE,2026-02-03T20:40:03.797075
11,56,14.0395417,100.6087983,2.0,7.95,48,NE,2026-02-03T20:40:04.808302
11,57,14.0395567,100.6088167,2.0,8.00,62,NE,2026-02-03T20:40:05.783676
11,58,14.03957,100.6088383,2.0,8.21,64,NE,2026-02-03T20:40:06.794826
11,59,14.03958,100.60886,2.0,8.46,72,E,2026-02-03T20:40:07.768677
11,60,14.0395883,100.6088883,2.0,8.70,78,E,2026-02-03T20:40:08.781787
11,61,14.0395967,100.6089167,2.0,9.06,74,E,2026-02-03T20:40:09.760754
11,62,14.0396083,100.6089483,2.0,9.46,65,NE,2026-02-03T20:40:10.782652
11,63,14.039625,100.60898,2.1,10.10,65,NE,2026-02-03T20:40:11.812909
11,64,14.0396417,100.6090167,2.2,10.79,63,NE,2026-02-03T20:40:12.792512
11,65,14.0396617,100.609055,2.3,11.48,66,NE,2026-02-03T20:40:13.776959
11,66,14.0396783,100.6090933,2.3,12.11,73,E,2026-02-03T20:40:14.744409
11,67,14.0396933,100.6091333,2.4,12.79,79,E,2026-02-03T20:40:15.785189
11,68,14.0397067,100.6091717,2.5,13.32,74,E,2026-02-03T20:40:16.774801
11,69,14.03973,100.60921,2.5,14.05,75,E,2026-02-03T20:40:17.776034
11,70,14.0397517,100.60925,2.5,14.82,78,E,2026-02-03T20:40:18.782661
11,71,14.0397683,100.6092917,2.5,15.38,75,E,2026-02-03T20:40:19.773516
11,72,14.0397817,100.6093333,2.6,15.92,78,E,2026-02-03T20:40:20.787371
11,73,14.0397933,100.6093717,2.6,16.01,83,E,2026-02-03T20:40:21.776754
11,74,14.0398033,100.6094083,2.7,16.09,82,E,2026-02-03T20:40:22.789507
11,75,14.0398117,100.6094433,2.7,16.00,80,E,2026-02-03T20:40:23.779489
11,76,14.03982,100.6094783,2.7,15.99,77,E,2026-02-03T20:40:24.741414
11,77,14.0398333,100.6095117,2.7,15.75,73,E,2026-02-03T20:40:25.775881
11,78,14.03984,100.6095433,2.7,15.53,80,E,2026-02-03T20:40:26.780266
11,79,14.0398467,100.609575,2.7,15.01,84,E,2026-02-03T20:40:27.775514
11,80,14.0398533,100.609605,2.8,14.43,84,E,2026-02-03T20:40:28.785817
11,81,14.039855,100.6096333,2.8,13.73,91,E,2026-02-03T20:40:29.768667
11,82,14.039865,100.609665,2.8,13.11,86,E,2026-02-03T20:40:30.746185
11,83,14.0398717,100.6097,2.7,12.49,93,E,2026-02-03T20:40:31.781961
11,84,14.039875,100.60973,2.6,11.52,88,E,2026-02-03T20:40:32.797553
11,85,14.0398817,100.6097433,2.5,10.47,85,E,2026-02-03T20:40:33.786191
11,86,14.03989,100.6097533,2.4,9.25,93,E,2026-02-03T20:40:34.791925
11,87,14.03989,100.60976,2.3,8.08,98,E,2026-02-03T20:40:35.794612
12,1,14.03989,100.60976,2.3,0.00,0,N,2026-02-03T20:40:38.271537
12,2,14.0398917,100.60976,2.3,0.00,0,N,2026-02-03T20:40:38.773442
12,3,14.0398933,100.6097633,2.4,0.49,64,NE,2026-02-03T20:40:39.286052
12,4,14.0399017,100.60977,2.5,1.00,74,E,2026-02-03T20:40:39.783312
12,5,14.039905,100.6097867,2.5,1.68,85,E,2026-02-03T20:40:40.307077
12,6,14.0399067,100.6097933,2.5,2.43,93,E,2026-02-03T20:40:40.771407
12,7,14.0399083,100.6097983,2.6,2.98,84,E,2026-02-03T20:40:41.283152
12,8,14.0399133,100.6098133,2.5,4.31,96,E,2026-02-03T20:40:42.773946
12,9,14.039905,100.6098283,2.5,5.15,99,E,2026-02-03T20:40:43.760754
12,10,14.0398967,100.6098433,2.4,4.71,120,SE,2026-02-03T20:40:44.769183
12,11,14.03989,100.6098617,2.3,6.24,105,E,2026-02-03T20:40:45.780836
12,12,14.039885,100.60988,2.3,8.18,101,E,2026-02-03T20:40:46.778100
12,13,14.0398783,100.6099117,2.3,9.90,96,E,2026-02-03T20:40:47.786769
12,14,14.0398683,100.6099417,2.3,10.11,108,E,2026-02-03T20:40:48.773110
12,15,14.0398583,100.6099733,2.2,10.02,111,E,2026-02-03T20:40:49.782652
12,16,14.03985,100.6100017,2.2,9.41,107,E,2026-02-03T20:40:50.767949
12,17,14.0398433,100.6100317,2.2,10.20,103,E,2026-02-03T20:40:51.783872
12,18,14.039835,100.6100617,2.2,9.02,103,E,2026-02-03T20:40:52.790259
12,19,14.0398317,100.61008,2.3,7.21,108,E,2026-02-03T20:40:53.779454
12,20,14.03983,100.6101033,2.3,7.85,103,E,2026-02-03T20:40:54.736893
12,21,14.0398283,100.61013,2.2,8.73,110,E,2026-02-03T20:40:55.739887
12,22,14.0398317,100.610155,2.2,9.13,101,E,2026-02-03T20:40:56.768275
12,23,14.039835,100.6101817,2.2,9.08,91,E,2026-02-03T20:40:57.769937
12,24,14.0398317,100.6102067,2.2,9.05,107,E,2026-02-03T20:40:58.769105
12,25,14.0398267,100.6102333,2.1,9.11,111,E,2026-02-03T20:40:59.764875
12,26,14.039825,100.61026,2.1,9.21,98,E,2026-02-03T20:41:00.747727
12,27,14.039825,100.6102883,2.1,9.20,101,E,2026-02-03T20:41:01.769925
12,28,14.0398233,100.610315,2.1,9.27,112,E,2026-02-03T20:41:02.783543
12,29,14.039825,100.6103417,2.0,9.50,98,E,2026-02-03T20:41:03.783600
12,30,14.0398317,100.610365,2.0,9.59,83,E,2026-02-03T20:41:04.774274
12,31,14.0398333,100.6103883,2.0,9.67,87,E,2026-02-03T20:41:05.758765
12,32,14.039845,100.6104117,2.0,9.66,97,E,2026-02-03T20:41:06.785125
12,33,14.0398483,100.6104417,2.0,9.72,95,E,2026-02-03T20:41:07.759054
12,34,14.0398533,100.610465,2.0,9.60,95,E,2026-02-03T20:41:08.796005
12,35,14.0398633,100.6104883,2.0,9.39,90,E,2026-02-03T20:41:09.799948
12,36,14.0398683,100.61052,2.0,9.45,85,E,2026-02-03T20:41:10.787640
12,37,14.03988,100.6105483,2.0,9.54,79,E,2026-02-03T20:41:11.789380
12,38,14.0398983,100.6105733,2.0,9.67,70,E,2026-02-03T20:41:12.778476
12,39,14.03991,100.6106,2.0,9.73,80,E,2026-02-03T20:41:13.784562
12,40,14.03992,100.61063,3.6,9.98,83,E,2026-02-03T20:41:14.807121
12,41,14.0399417,100.6106633,3.6,10.19,78,E,2026-02-03T20:41:15.774577
12,42,14.0399583,100.61071,3.6,10.70,84,E,2026-02-03T20:41:16.797985
12,43,14.03996,100.610745,3.6,11.09,83,E,2026-02-03T20:41:17.790124
12,44,14.03996,100.6107783,3.6,11.52,83,E,2026-02-03T20:41:18.798480
12,45,14.03996,100.610805,2.0,11.84,85,E,2026-02-03T20:41:19.803725
12,46,14.0399617,100.6108367,2.0,11.89,85,E,2026-02-03T20:41:20.789183
12,47,14.039965,100.6108717,2.1,11.87,85,E,2026-02-03T20:41:21.789633
12,48,14.0399667,100.6109067,2.1,11.91,83,E,2026-02-03T20:41:22.797828
12,49,14.03997,100.6109467,2.1,12.23,84,E,2026-02-03T20:41:23.860501
12,50,14.0399733,100.6109867,2.1,12.36,85,E,2026-02-03T20:41:24.778164
12,51,14.0399717,100.6110233,2.1,12.53,84,E,2026-02-03T20:41:25.768419
12,52,14.0399717,100.611055,2.1,12.29,85,E,2026-02-03T20:41:26.764599
12,53,14.03997,100.611085,2.2,12.04,86,E,2026-02-03T20:41:27.774904
12,54,14.039965,100.6111167,2.2,11.86,87,E,2026-02-03T20:41:28.764517
12,55,14.039965,100.61115,2.3,11.79,86,E,2026-02-03T20:41:29.792636
12,56,14.0399683,100.6111917,2.4,11.80,87,E,2026-02-03T20:41:30.756706
12,57,14.03997,100.6112483,2.5,11.96,92,E,2026-02-03T20:41:31.784362
12,58,14.03997,100.6112883,2.5,11.93,91,E,2026-02-03T20:41:32.756882
12,59,14.03997,100.6112883,7.8,0.00,0,N,2026-02-03T20:41:33.523104
12,60,14.0399717,100.61136,6.9,11.27,92,E,2026-02-03T20:41:34.753385
12,61,14.0399667,100.6113917,6.8,10.83,91,E,2026-02-03T20:41:35.755040
12,62,14.0399683,100.61142,6.7,10.37,90,E,2026-02-03T20:41:36.763299
12,63,14.0399667,100.6114433,6.7,10.10,90,E,2026-02-03T20:41:37.761573
12,64,14.039965,100.6114617,2.1,9.55,97,E,2026-02-03T20:41:38.762030
12,65,14.0399617,100.6114867,2.1,8.86,99,E,2026-02-03T20:41:39.821753
12,66,14.03996,100.6115083,2.1,8.08,99,E,2026-02-03T20:41:40.754170
12,67,14.0399583,100.6115267,2.1,7.24,90,E,2026-02-03T20:41:41.774595
12,68,14.0399567,100.6115517,2.1,6.64,96,E,2026-02-03T20:41:42.771454
12,69,14.0399533,100.6115783,2.1,6.35,100,E,2026-02-03T20:41:43.765905
12,70,14.03995,100.6116083,2.0,6.04,100,E,2026-02-03T20:41:44.788352
12,71,14.03995,100.6116467,2.0,5.97,87,E,2026-02-03T20:41:45.766903
12,72,14.0399483,100.6116867,2.0,6.23,99,E,2026-02-03T20:41:46.793514
12,73,14.039945,100.6117267,1.9,6.46,99,E,2026-02-03T20:41:47.795599
12,74,14.0399417,100.611765,1.9,7.05,95,E,2026-02-03T20:41:48.797123
12,75,14.0399383,100.611805,1.9,7.80,103,E,2026-02-03T20:41:49.790024
12,76,14.0399333,100.6118367,1.9,8.61,104,E,2026-02-03T20:41:50.792346
12,77,14.0399267,100.6118683,2.0,9.37,102,E,2026-02-03T20:41:51.790265
12,78,14.039925,100.611905,2.0,10.02,101,E,2026-02-03T20:41:52.778206
12,79,14.039925,100.6119433,2.1,10.64,95,E,2026-02-03T20:41:53.770838
12,80,14.039925,100.6119433,10.4,0.00,0,N,2026-02-03T20:41:54.782053
12,81,14.039925,100.612035,9.1,11.82,89,E,2026-02-03T20:41:55.747727
12,82,14.0399283,100.6120733,9.1,12.19,91,E,2026-02-03T20:41:56.767204
12,83,14.0399267,100.61211,9.0,12.33,95,E,2026-02-03T20:41:57.781725
12,84,14.0399233,100.6121417,9.0,12.44,91,E,2026-02-03T20:41:58.799174
12,85,14.039925,100.61217,9.0,12.41,90,E,2026-02-03T20:41:59.789771
12,86,14.039925,100.6121967,2.2,12.30,84,E,2026-02-03T20:42:00.752110
12,87,14.0399267,100.6122267,2.2,12.36,79,E,2026-02-03T20:42:01.776510
12,88,14.0399317,100.6122483,2.3,12.27,78,E,2026-02-03T20:42:02.759067
12,89,14.0399317,100.6122667,2.4,11.86,86,E,2026-02-03T20:42:03.769552
12,90,14.0399283,100.6122833,2.5,11.18,94,E,2026-02-03T20:42:04.765223
12,91,14.0399233,100.612295,2.4,10.41,86,E,2026-02-03T20:42:05.771124
12,92,14.03992,100.6123067,2.4,9.60,108,E,2026-02-03T20:42:06.757134
12,93,14.0399183,100.61232,2.3,8.98,91,E,2026-02-03T20:42:07.748413
12,94,14.039915,100.612335,2.2,8.38,104,E,2026-02-03T20:42:08.754803
12,95,14.0399133,100.61235,2.1,7.80,96,E,2026-02-03T20:42:09.784499
12,96,14.03991,100.61236,2.0,6.99,93,E,2026-02-03T20:42:10.777959
12,97,14.0399117,100.6123583,2.0,5.81,139,SE,2026-02-03T20:42:11.781185
12,98,14.0399133,100.6123567,2.0,4.79,289,W,2026-02-03T20:42:12.766187
13,1,14.0399317,100.6121667,2.7,0.16,0,N,2026-02-03T20:42:19.646715
13,2,14.0399133,100.6123567,2.7,0.00,0,N,2026-02-03T20:42:20.101828
13,3,14.0399133,100.6123583,2.7,0.85,108,E,2026-02-03T20:42:20.628669
13,4,14.03991,100.61236,2.8,1.67,130,SE,2026-02-03T20:42:21.132408
13,5,14.0399017,100.6123567,2.9,3.63,184,S,2026-02-03T20:42:21.670130
13,6,14.0398967,100.6123567,2.9,2.21,168,S,2026-02-03T20:42:22.618614
13,7,14.0399067,100.6123717,3.0,3.67,58,NE,2026-02-03T20:42:23.637482
13,8,14.0399117,100.6123833,3.1,4.42,59,NE,2026-02-03T20:42:24.662565
13,9,14.0399133,100.61241,3.3,7.16,72,E,2026-02-03T20:42:25.640706
13,10,14.03992,100.612475,3.5,8.73,74,E,2026-02-03T20:42:26.670319
13,11,14.0399233,100.6125367,3.6,12.28,74,E,2026-02-03T20:42:27.627646
13,12,14.0399167,100.6125933,3.5,10.89,89,E,2026-02-03T20:42:28.646606
13,13,14.0399167,100.6126283,3.4,11.79,91,E,2026-02-03T20:42:29.616001
13,14,14.03992,100.6126533,3.3,10.25,99,E,2026-02-03T20:42:30.658117
13,15,14.0399083,100.61269,3.0,12.61,94,E,2026-02-03T20:42:31.659881
13,16,14.0399,100.6127333,2.7,14.17,108,E,2026-02-03T20:42:32.772198
13,17,14.0398917,100.6127667,2.5,11.71,95,E,2026-02-03T20:42:33.795156
13,18,14.0398833,100.6128017,2.4,13.17,91,E,2026-02-03T20:42:34.753998
13,19,14.0398783,100.6128333,2.3,12.54,94,E,2026-02-03T20:42:35.753100
13,20,14.0398717,100.6128683,2.2,12.43,93,E,2026-02-03T20:42:36.779094
13,21,14.039865,100.6129033,2.2,12.48,97,E,2026-02-03T20:42:37.777537
13,22,14.039855,100.6129367,2.2,12.52,102,E,2026-02-03T20:42:38.846136
13,23,14.0398483,100.6129667,2.2,12.34,98,E,2026-02-03T20:42:39.766096
13,24,14.0398467,100.6129917,2.2,12.23,105,E,2026-02-03T20:42:40.763936
13,25,14.03984,100.6130167,2.2,11.83,104,E,2026-02-03T20:42:41.765688
13,26,14.0398333,100.6130417,2.2,11.07,104,E,2026-02-03T20:42:42.819665
13,27,14.0398283,100.6130617,2.3,10.46,105,E,2026-02-03T20:42:43.740922
13,28,14.0398217,100.6130833,2.3,9.74,102,E,2026-02-03T20:42:44.763186
13,29,14.0398167,100.6130983,2.3,8.94,106,E,2026-02-03T20:42:45.772068
13,30,14.0398117,100.613115,2.3,8.14,107,E,2026-02-03T20:42:46.784825
13,31,14.0398083,100.613135,2.3,7.41,105,E,2026-02-03T20:42:47.781512
13,32,14.039805,100.613155,2.3,6.65,101,E,2026-02-03T20:42:48.765854
13,33,14.039805,100.6131783,2.3,6.11,99,E,2026-02-03T20:42:49.790871
13,34,14.03981,100.6131983,2.3,5.78,95,E,2026-02-03T20:42:50.795338
13,35,14.0398133,100.613225,2.2,5.57,99,E,2026-02-03T20:42:51.791504
13,36,14.0398167,100.6132567,2.2,5.74,95,E,2026-02-03T20:42:52.791542
13,37,14.0398183,100.6132817,2.2,6.04,106,E,2026-02-03T20:42:53.794120
13,38,14.03982,100.6133067,2.2,6.26,101,E,2026-02-03T20:42:54.780233
13,39,14.039825,100.61333,2.1,6.51,107,E,2026-02-03T20:42:55.770664
13,40,14.0398283,100.613355,2.1,6.82,102,E,2026-02-03T20:42:56.746185
13,41,14.0398333,100.61338,2.1,7.32,106,E,2026-02-03T20:42:57.784736
13,42,14.0398367,100.6134083,2.1,7.77,99,E,2026-02-03T20:42:58.761923
13,43,14.03984,100.61344,2.1,8.27,100,E,2026-02-03T20:42:59.748914
13,44,14.03984,100.6134717,2.0,8.74,103,E,2026-02-03T20:43:00.753392
13,45,14.0398383,100.6135017,2.0,9.13,99,E,2026-02-03T20:43:01.744798
13,46,14.03984,100.613535,2.0,9.38,93,E,2026-02-03T20:43:02.756821
13,47,14.03984,100.6135683,2.0,9.60,91,E,2026-02-03T20:43:03.761673
13,48,14.0398417,100.6136033,1.9,9.87,85,E,2026-02-03T20:43:04.731800
13,49,14.039845,100.6136317,1.9,10.10,94,E,2026-02-03T20:43:05.750864
13,50,14.0398467,100.6136617,1.9,10.35,96,E,2026-02-03T20:43:06.754498
13,51,14.039845,100.6136933,1.9,10.37,92,E,2026-02-03T20:43:07.765721
13,52,14.039845,100.6137233,1.9,10.31,96,E,2026-02-03T20:43:08.761988
13,53,14.039845,100.6137483,1.9,9.97,98,E,2026-02-03T20:43:09.786936
13,54,14.0398467,100.6137683,1.9,9.45,112,E,2026-02-03T20:43:10.771741
13,55,14.0398483,100.613785,1.9,8.77,106,E,2026-02-03T20:43:11.794996
13,56,14.0398517,100.6137917,1.9,7.91,130,SE,2026-02-03T20:43:12.775414
13,57,14.0398533,100.6137983,1.9,7.17,143,SE,2026-02-03T20:43:13.733396
13,58,14.0398633,100.613805,2.0,6.25,118,SE,2026-02-03T20:43:14.795642
13,59,14.0398667,100.6138133,2.0,5.45,111,E,2026-02-03T20:43:15.761817
13,60,14.0398733,100.613815,2.0,4.58,19,N,2026-02-03T20:43:16.760025
13,61,14.0398767,100.61382,2.0,3.63,14,N,2026-02-03T20:43:17.781858
13,62,14.03988,100.613825,1.9,2.88,22,N,2026-02-03T20:43:18.778426
13,63,14.0398817,100.61383,1.9,2.20,36,NE,2026-02-03T20:43:19.758790
13,64,14.0398833,100.613835,1.9,1.80,108,E,2026-02-03T20:43:20.782244
13,65,14.0398833,100.6138417,1.8,1.52,85,E,2026-02-03T20:43:21.794569
13,66,14.0398833,100.6138517,1.8,0.00,0,N,2026-02-03T20:43:22.760795
13,67,14.0398833,100.6138567,1.8,0.00,0,N,2026-02-03T20:43:23.756960
14,1,14.0398833,100.6138567,2.2,0.07,0,N,2026-02-03T20:43:28.056358
14,2,14.0398833,100.6138583,2.2,0.24,0,N,2026-02-03T20:43:28.556458
14,3,14.039885,100.61386,2.2,0.95,70,E,2026-02-03T20:43:29.248309
14,4,14.0398867,100.6138633,2.3,1.62,89,E,2026-02-03T20:43:29.742059
14,5,14.03989,100.613875,2.2,2.65,81,E,2026-02-03T20:43:30.284400
14,6,14.0398983,100.6138817,2.2,2.24,116,SE,2026-02-03T20:43:30.783006
14,7,14.0398967,100.6138883,2.2,2.96,89,E,2026-02-03T20:43:31.761667
14,8,14.0398983,100.6138983,2.2,4.15,54,NE,2026-02-03T20:43:32.759238
14,9,14.0399,100.613905,2.2,4.00,54,NE,2026-02-03T20:43:33.752621
14,10,14.0399,100.6139133,2.2,4.21,82,E,2026-02-03T20:43:34.760945
14,11,14.039895,100.6139183,2.2,4.15,82,E,2026-02-03T20:43:35.761944
14,12,14.0398883,100.6139267,2.2,4.14,110,E,2026-02-03T20:43:36.748577
14,13,14.0398917,100.61394,2.3,4.90,117,SE,2026-02-03T20:43:37.754431
14,14,14.039885,100.6139517,2.3,5.66,114,SE,2026-02-03T20:43:38.782773
14,15,14.0398817,100.613965,2.3,5.04,104,E,2026-02-03T20:43:39.759227
14,16,14.0398867,100.61398,2.3,5.25,85,E,2026-02-03T20:43:40.748683
14,17,14.0398883,100.614005,2.3,6.42,103,E,2026-02-03T20:43:41.767237
14,18,14.0398967,100.6140267,2.2,8.21,95,E,2026-02-03T20:43:42.795191
14,19,14.0398967,100.6140517,2.2,8.26,98,E,2026-02-03T20:43:43.759666
14,20,14.03989,100.6140783,2.2,9.38,97,E,2026-02-03T20:43:44.767027
14,21,14.0398867,100.6141017,2.2,9.14,101,E,2026-02-03T20:43:45.772055
14,22,14.039885,100.6141217,2.2,8.31,89,E,2026-02-03T20:43:46.759089
14,23,14.0398817,100.6141383,2.2,7.27,99,E,2026-02-03T20:43:47.757649
14,24,14.0398733,100.61416,2.2,7.65,113,SE,2026-02-03T20:43:48.791681
14,25,14.0398683,100.61418,2.2,7.95,109,E,2026-02-03T20:43:49.765822
14,26,14.039865,100.6142017,2.2,8.21,103,E,2026-02-03T20:43:50.761311
14,27,14.039865,100.6142217,2.2,8.22,92,E,2026-02-03T20:43:51.745415
14,28,14.0398717,100.614245,2.3,8.18,85,E,2026-02-03T20:43:52.743527
14,29,14.03988,100.6142683,2.3,8.14,75,E,2026-02-03T20:43:53.763456
14,30,14.0398917,100.6142917,2.3,8.05,77,E,2026-02-03T20:43:54.731825
14,31,14.0399017,100.6143117,2.2,7.91,80,E,2026-02-03T20:43:55.757208
14,32,14.0399083,100.6143433,2.2,8.00,85,E,2026-02-03T20:43:56.768356
14,33,14.03991,100.6143717,2.2,8.06,96,E,2026-02-03T20:43:57.781428
14,34,14.03991,100.6144033,2.1,7.99,97,E,2026-02-03T20:43:58.758151
14,35,14.0399033,100.614435,2.0,8.04,108,E,2026-02-03T20:43:59.749004
14,36,14.039895,100.6144633,2.0,8.12,118,SE,2026-02-03T20:44:00.760073
14,37,14.0398833,100.6144983,2.0,8.44,126,SE,2026-02-03T20:44:01.765651
14,38,14.03987,100.6145267,2.0,8.59,133,SE,2026-02-03T20:44:02.749998
14,39,14.03985,100.614545,2.0,8.76,144,SE,2026-02-03T20:44:03.764430
14,40,14.0398267,100.6145617,2.0,8.91,153,SE,2026-02-03T20:44:04.744988
14,41,14.0398,100.6145717,2.0,9.11,165,S,2026-02-03T20:44:05.775385
14,42,14.039775,100.6145783,2.1,9.23,172,S,2026-02-03T20:44:06.765215
14,43,14.0397433,100.61458,2.1,9.60,182,S,2026-02-03T20:44:07.742412
14,44,14.0397133,100.6145783,2.2,10.02,185,S,2026-02-03T20:44:08.747957
14,45,14.0396833,100.614575,2.2,10.30,182,S,2026-02-03T20:44:09.723669
14,46,14.039655,100.61457,2.2,10.56,190,S,2026-02-03T20:44:10.758829
14,47,14.0396233,100.6145683,2.2,10.76,182,S,2026-02-03T20:44:11.732849
14,48,14.0395917,100.6145683,2.2,10.86,171,S,2026-02-03T20:44:12.746583
14,49,14.0395683,100.614575,2.2,10.79,166,S,2026-02-03T20:44:13.751652
14,50,14.0395483,100.61459,2.2,10.38,166,S,2026-02-03T20:44:14.775786
14,51,14.039535,100.6146017,2.2,9.76,163,S,2026-02-03T20:44:15.782325
14,52,14.039525,100.614615,2.2,9.14,159,S,2026-02-03T20:44:16.740366
14,53,14.03952,100.6146283,2.1,8.31,130,SE,2026-02-03T20:44:17.756068
14,54,14.0395233,100.614645,2.1,7.16,71,E,2026-02-03T20:44:18.769442
14,55,14.0395217,100.6146567,2.0,6.16,111,E,2026-02-03T20:44:19.789294
